time_s,ax,ay,az,gx,gy,gz,temperature_c,pressure_hpa,altitude_m,latitude,longitude,gps_satellites,gps_altitude_m,gps_connected
0.26175546646118164,490.0,132.0,7824.0,-194.0,71.0,-9.0,26.68,895.1,1033.71,39.822415,32.659369,12,1093.5,True
0.3077971935272217,490.0,132.0,7824.0,-194.0,71.0,-9.0,26.68,895.1,1033.71,39.822415,32.659369,12,1093.5,True
0.5976903438568115,512.0,158.0,7776.0,-157.0,118.0,-12.0,26.64,895.09,1033.78,39.822415,32.659369,12,1093.5,True
0.638174295425415,512.0,158.0,7776.0,-157.0,118.0,-12.0,26.64,895.09,1033.78,39.822415,32.659369,12,1093.5,True
0.8999161720275879,514.0,134.0,7728.0,-164.0,119.0,-11.0,26.63,895.08,1033.87,39.822415,32.659369,12,1093.5,True
0.9462330341339111,514.0,134.0,7728.0,-164.0,119.0,-11.0,26.63,895.08,1033.87,39.822415,32.659369,12,1093.5,True
1.2347357273101807,566.0,128.0,7774.0,-162.0,120.0,-8.0,26.62,895.08,1033.84,39.822415,32.659369,12,1093.6,True
1.2836265563964844,566.0,128.0,7774.0,-162.0,120.0,-8.0,26.62,895.08,1033.84,39.822415,32.659369,12,1093.6,True
1.5378119945526123,574.0,144.0,7790.0,-164.0,120.0,-16.0,26.62,895.08,1033.89,39.822415,32.659369,12,1093.6,True
1.5953407287597656,574.0,144.0,7790.0,-164.0,120.0,-16.0,26.62,895.08,1033.89,39.822415,32.659369,12,1093.6,True
1.8569319248199463,510.0,134.0,7762.0,-156.0,124.0,-7.0,26.62,895.08,1033.89,39.822415,32.659369,12,1093.6,True
1.917524814605713,510.0,134.0,7762.0,-156.0,124.0,-7.0,26.62,895.08,1033.89,39.822415,32.659369,12,1093.6,True
2.176373243331909,514.0,142.0,7780.0,-163.0,118.0,-13.0,26.62,895.09,1033.8,39.822415,32.659369,12,1093.5,True
2.22298526763916,514.0,142.0,7780.0,-163.0,118.0,-13.0,26.62,895.09,1033.8,39.822415,32.659369,12,1093.5,True
2.503056526184082,524.0,132.0,7782.0,-168.0,115.0,-11.0,26.62,895.08,1033.88,39.822415,32.659369,12,1093.5,True
2.5420267581939697,524.0,132.0,7782.0,-168.0,115.0,-11.0,26.62,895.08,1033.88,39.822415,32.659369,12,1093.5,True
2.824754476547241,514.0,144.0,7726.0,-165.0,116.0,-5.0,26.62,895.09,1033.81,39.822415,32.659369,12,1093.5,True
2.871544599533081,514.0,144.0,7726.0,-165.0,116.0,-5.0,26.62,895.09,1033.81,39.822415,32.659369,12,1093.5,True
3.1446640491485596,530.0,120.0,7808.0,-161.0,117.0,-7.0,26.62,895.08,1033.91,39.822414,32.659369,12,1093.4,True
3.1903061866760254,530.0,120.0,7808.0,-161.0,117.0,-7.0,26.62,895.08,1033.91,39.822414,32.659369,12,1093.4,True
3.453523874282837,550.0,146.0,7794.0,-166.0,120.0,-13.0,26.62,895.06,1034.01,39.822414,32.659369,12,1093.4,True
3.510768413543701,550.0,146.0,7794.0,-166.0,120.0,-13.0,26.62,895.06,1034.01,39.822414,32.659369,12,1093.4,True
3.787384510040283,532.0,134.0,7770.0,-161.0,115.0,-16.0,26.62,895.08,1033.86,39.822414,32.659369,12,1093.4,True
3.8362109661102295,532.0,134.0,7770.0,-161.0,115.0,-16.0,26.62,895.08,1033.86,39.822414,32.659369,12,1093.4,True
4.1061789989471436,550.0,162.0,7756.0,-168.0,120.0,-13.0,26.62,895.09,1033.79,39.822415,32.659368,12,1093.4,True
4.138932466506958,550.0,162.0,7756.0,-168.0,120.0,-13.0,26.62,895.09,1033.79,39.822415,32.659368,12,1093.4,True
4.411637306213379,536.0,134.0,7764.0,-166.0,124.0,-10.0,26.62,895.07,1033.98,39.822415,32.659368,12,1093.2,True
4.459777593612671,536.0,134.0,7764.0,-166.0,124.0,-10.0,26.62,895.07,1033.98,39.822415,32.659368,12,1093.2,True
4.730924606323242,548.0,146.0,7738.0,-166.0,114.0,-17.0,26.62,895.08,1033.86,39.822415,32.659368,12,1093.2,True
4.776921987533569,548.0,146.0,7738.0,-166.0,114.0,-17.0,26.62,895.08,1033.86,39.822415,32.659368,12,1093.2,True
5.050163507461548,550.0,108.0,7734.0,-160.0,121.0,-14.0,26.62,895.08,1033.89,39.822415,32.659368,12,1093.2,True
5.096834897994995,550.0,108.0,7734.0,-160.0,121.0,-14.0,26.62,895.08,1033.89,39.822415,32.659368,12,1093.2,True
5.388194799423218,508.0,138.0,7744.0,-165.0,118.0,-10.0,26.62,895.09,1033.81,39.822415,32.659368,12,1093.0,True
5.435642242431641,508.0,138.0,7744.0,-165.0,118.0,-10.0,26.62,895.09,1033.81,39.822415,32.659368,12,1093.0,True
5.68891716003418,506.0,160.0,7786.0,-159.0,119.0,-13.0,26.62,895.08,1033.89,39.822415,32.659368,12,1093.0,True
5.734899282455444,506.0,160.0,7786.0,-159.0,119.0,-13.0,26.62,895.08,1033.89,39.822415,32.659368,12,1093.0,True
6.015369415283203,538.0,148.0,7760.0,-166.0,117.0,-11.0,26.62,895.08,1033.84,39.822415,32.659367,12,1093.0,True
6.073918342590332,538.0,148.0,7760.0,-166.0,117.0,-11.0,26.62,895.08,1033.84,39.822415,32.659367,12,1093.0,True
6.668700933456421,512.0,138.0,7774.0,-166.0,121.0,-16.0,26.62,895.07,1033.96,39.822415,32.659367,12,1092.8,True
6.693247556686401,512.0,138.0,7774.0,-166.0,121.0,-16.0,26.62,895.07,1033.96,39.822415,32.659367,12,1092.8,True
6.98161244392395,520.0,142.0,7772.0,-158.0,113.0,-12.0,26.62,895.08,1033.9,39.822415,32.659367,12,1092.8,True
7.012627363204956,520.0,142.0,7772.0,-158.0,113.0,-12.0,26.62,895.08,1033.9,39.822415,32.659367,12,1092.8,True
7.310669898986816,550.0,162.0,7730.0,-163.0,123.0,-12.0,26.62,895.07,1033.97,39.822415,32.659367,12,1092.7,True
7.331881999969482,550.0,162.0,7730.0,-163.0,123.0,-12.0,26.62,895.07,1033.97,39.822415,32.659367,12,1092.7,True
7.622666597366333,528.0,168.0,7754.0,-160.0,114.0,-11.0,26.62,895.08,1033.86,39.822415,32.659367,12,1092.7,True
7.6607396602630615,528.0,168.0,7754.0,-160.0,114.0,-11.0,26.62,895.08,1033.86,39.822415,32.659367,12,1092.7,True
7.944988489151001,494.0,156.0,7734.0,-157.0,122.0,-9.0,26.62,895.09,1033.8,39.822415,32.659367,12,1092.7,True
7.992666721343994,494.0,156.0,7734.0,-157.0,122.0,-9.0,26.62,895.09,1033.8,39.822415,32.659367,12,1092.7,True
8.245904922485352,510.0,130.0,7754.0,-163.0,122.0,-14.0,26.63,895.08,1033.88,39.822415,32.659367,12,1092.6,True
8.314902544021606,510.0,130.0,7754.0,-163.0,122.0,-14.0,26.63,895.08,1033.88,39.822415,32.659367,12,1092.6,True
8.580767631530762,538.0,138.0,7764.0,-156.0,123.0,-14.0,26.63,895.09,1033.74,39.822415,32.659367,12,1092.6,True
8.621838331222534,538.0,138.0,7764.0,-156.0,123.0,-14.0,26.63,895.09,1033.74,39.822415,32.659367,12,1092.6,True
8.892662763595581,502.0,180.0,7808.0,-164.0,130.0,-19.0,26.63,895.08,1033.83,39.822415,32.659367,12,1092.6,True
8.948435306549072,502.0,180.0,7808.0,-164.0,130.0,-19.0,26.63,895.08,1033.83,39.822415,32.659367,12,1092.6,True
9.201117515563965,534.0,142.0,7778.0,-169.0,121.0,-14.0,26.63,895.08,1033.85,39.822415,32.659366,12,1092.5,True
9.246787786483765,534.0,142.0,7778.0,-169.0,121.0,-14.0,26.63,895.08,1033.85,39.822415,32.659366,12,1092.5,True
9.524972915649414,544.0,152.0,7736.0,-162.0,117.0,-16.0,26.63,895.07,1033.93,39.822415,32.659366,12,1092.5,True
9.589300394058228,544.0,152.0,7736.0,-162.0,117.0,-16.0,26.63,895.07,1033.93,39.822415,32.659366,12,1092.5,True
9.853899955749512,514.0,134.0,7712.0,-169.0,123.0,-12.0,26.63,895.08,1033.88,39.822415,32.659366,12,1092.5,True
9.886465787887573,514.0,134.0,7712.0,-169.0,123.0,-12.0,26.63,895.08,1033.88,39.822415,32.659366,12,1092.5,True
10.181232929229736,502.0,140.0,7754.0,-161.0,115.0,-16.0,26.63,895.08,1033.89,39.822415,32.659366,12,1092.4,True
10.204773664474487,502.0,140.0,7754.0,-161.0,115.0,-16.0,26.63,895.08,1033.89,39.822415,32.659366,12,1092.4,True
10.497894287109375,572.0,120.0,7746.0,-162.0,117.0,-17.0,26.63,895.08,1033.82,39.822415,32.659366,12,1092.4,True
10.531734466552734,572.0,120.0,7746.0,-162.0,117.0,-17.0,26.63,895.08,1033.82,39.822415,32.659366,12,1092.4,True
10.818258285522461,514.0,152.0,7772.0,-160.0,122.0,-6.0,26.63,895.08,1033.83,39.822415,32.659366,12,1092.4,True
10.85946249961853,514.0,152.0,7772.0,-160.0,122.0,-6.0,26.63,895.08,1033.83,39.822415,32.659366,12,1092.4,True
11.137005090713501,538.0,110.0,7766.0,-164.0,119.0,-18.0,26.63,895.08,1033.84,39.822415,32.659366,12,1092.4,True
11.183335065841675,538.0,110.0,7766.0,-164.0,119.0,-18.0,26.63,895.08,1033.84,39.822415,32.659366,12,1092.4,True
11.435165405273438,512.0,150.0,7798.0,-167.0,117.0,-19.0,26.64,895.07,1033.92,39.822415,32.659366,12,1092.4,True
11.487700462341309,512.0,150.0,7798.0,-167.0,117.0,-19.0,26.64,895.07,1033.92,39.822415,32.659366,12,1092.4,True
11.764397144317627,522.0,126.0,7766.0,-158.0,113.0,-10.0,26.64,895.07,1033.97,39.822415,32.659366,12,1092.4,True
11.802234172821045,522.0,126.0,7766.0,-158.0,113.0,-10.0,26.64,895.07,1033.97,39.822415,32.659366,12,1092.4,True
12.08958888053894,502.0,130.0,7772.0,-154.0,115.0,-6.0,26.64,895.08,1033.88,39.822415,32.659367,12,1092.4,True
12.123773097991943,502.0,130.0,7772.0,-154.0,115.0,-6.0,26.64,895.08,1033.88,39.822415,32.659367,12,1092.4,True
12.417965173721313,538.0,150.0,7744.0,-164.0,121.0,-16.0,26.64,895.09,1033.76,39.822415,32.659367,12,1092.3,True
12.440157890319824,538.0,150.0,7744.0,-164.0,121.0,-16.0,26.64,895.09,1033.76,39.822415,32.659367,12,1092.3,True
12.738317489624023,536.0,156.0,7770.0,-168.0,119.0,-10.0,26.64,895.08,1033.82,39.822415,32.659367,12,1092.3,True
12.77495789527893,536.0,156.0,7770.0,-168.0,119.0,-10.0,26.64,895.08,1033.82,39.822415,32.659367,12,1092.3,True
13.040947198867798,516.0,170.0,7796.0,-172.0,119.0,-9.0,26.64,895.09,1033.78,39.822416,32.659367,12,1092.3,True
13.077549695968628,516.0,170.0,7796.0,-172.0,119.0,-9.0,26.64,895.09,1033.78,39.822416,32.659367,12,1092.3,True
13.351819515228271,548.0,144.0,7774.0,-158.0,119.0,-10.0,26.64,895.08,1033.83,39.822416,32.659367,12,1092.3,True
13.414232969284058,548.0,144.0,7774.0,-158.0,119.0,-10.0,26.64,895.08,1033.83,39.822416,32.659367,12,1092.3,True
13.687773942947388,514.0,134.0,7774.0,-168.0,124.0,-12.0,26.64,895.08,1033.87,39.822416,32.659367,12,1092.3,True
13.726059913635254,514.0,134.0,7774.0,-168.0,124.0,-12.0,26.64,895.08,1033.87,39.822416,32.659367,12,1092.3,True
13.995096921920776,548.0,152.0,7754.0,-160.0,115.0,-11.0,26.64,895.08,1033.86,39.822416,32.659367,12,1092.3,True
14.046749114990234,548.0,152.0,7754.0,-160.0,115.0,-11.0,26.64,895.08,1033.86,39.822416,32.659367,12,1092.3,True
14.309444904327393,536.0,124.0,7736.0,-168.0,123.0,-11.0,26.64,895.08,1033.84,39.822416,32.659367,12,1092.2,True
14.359957218170166,536.0,124.0,7736.0,-168.0,123.0,-11.0,26.64,895.08,1033.84,39.822416,32.659367,12,1092.2,True
14.634437799453735,526.0,134.0,7790.0,-163.0,118.0,-11.0,26.64,895.08,1033.82,39.822416,32.659367,12,1092.2,True
14.695876836776733,526.0,134.0,7790.0,-163.0,118.0,-11.0,26.64,895.08,1033.82,39.822416,32.659367,12,1092.2,True
14.966578722000122,510.0,144.0,7774.0,-157.0,122.0,-14.0,26.64,895.09,1033.79,39.822416,32.659367,12,1092.2,True
14.99369478225708,510.0,144.0,7774.0,-157.0,122.0,-14.0,26.64,895.09,1033.79,39.822416,32.659367,12,1092.2,True
15.283092737197876,536.0,134.0,7770.0,-168.0,123.0,-7.0,26.64,895.09,1033.81,39.822416,32.659366,12,1092.0,True
15.324602603912354,536.0,134.0,7770.0,-168.0,123.0,-7.0,26.64,895.09,1033.81,39.822416,32.659366,12,1092.0,True
15.600358724594116,554.0,128.0,7730.0,-159.0,121.0,-9.0,26.64,895.1,1033.67,39.822416,32.659366,12,1092.0,True
15.646307945251465,554.0,128.0,7730.0,-159.0,121.0,-9.0,26.64,895.1,1033.67,39.822416,32.659366,12,1092.0,True
15.905194520950317,550.0,148.0,7762.0,-177.0,117.0,-5.0,26.64,895.09,1033.74,39.822416,32.659366,12,1092.0,True
15.951534986495972,550.0,148.0,7762.0,-177.0,117.0,-5.0,26.64,895.09,1033.74,39.822416,32.659366,12,1092.0,True
16.235572576522827,546.0,130.0,7810.0,-162.0,117.0,-11.0,26.64,895.08,1033.87,39.822416,32.659366,12,1092.0,True
16.272013187408447,546.0,130.0,7810.0,-162.0,117.0,-11.0,26.64,895.08,1033.87,39.822416,32.659366,12,1092.0,True
16.56656002998352,570.0,120.0,7784.0,-155.0,123.0,-7.0,26.64,895.09,1033.75,39.822416,32.659366,12,1092.0,True
16.596738576889038,570.0,120.0,7784.0,-155.0,123.0,-7.0,26.64,895.09,1033.75,39.822416,32.659366,12,1092.0,True
16.86256241798401,532.0,134.0,7776.0,-172.0,123.0,-10.0,26.65,895.09,1033.73,39.822416,32.659366,12,1092.0,True
16.92214608192444,532.0,134.0,7776.0,-172.0,123.0,-10.0,26.65,895.09,1033.73,39.822416,32.659366,12,1092.0,True
17.181718349456787,546.0,144.0,7758.0,-166.0,117.0,-7.0,26.65,895.09,1033.73,39.822416,32.659365,12,1092.0,True
17.238222122192383,546.0,144.0,7758.0,-166.0,117.0,-7.0,26.65,895.09,1033.73,39.822416,32.659365,12,1092.0,True
17.516971826553345,554.0,132.0,7762.0,-163.0,123.0,-16.0,26.65,895.09,1033.77,39.822416,32.659365,12,1091.8,True
17.547537565231323,554.0,132.0,7762.0,-163.0,123.0,-16.0,26.65,895.09,1033.77,39.822416,32.659365,12,1091.8,True
17.843960285186768,548.0,156.0,7794.0,-161.0,121.0,-8.0,26.64,895.08,1033.86,39.822416,32.659365,12,1091.8,True
17.881630897521973,548.0,156.0,7794.0,-161.0,121.0,-8.0,26.64,895.08,1033.86,39.822416,32.659365,12,1091.8,True
18.14251971244812,558.0,114.0,7766.0,-164.0,121.0,-15.0,26.65,895.09,1033.8,39.822416,32.659365,12,1091.8,True
18.205924034118652,558.0,114.0,7766.0,-164.0,121.0,-15.0,26.65,895.09,1033.8,39.822416,32.659365,12,1091.8,True
18.459858417510986,550.0,104.0,7738.0,-155.0,120.0,-12.0,26.64,895.08,1033.87,39.822416,32.659365,12,1091.6,True
18.506195306777954,550.0,104.0,7738.0,-155.0,120.0,-12.0,26.64,895.08,1033.87,39.822416,32.659365,12,1091.6,True
18.787795782089233,506.0,128.0,7814.0,-165.0,126.0,-15.0,26.64,895.08,1033.85,39.822416,32.659365,12,1091.6,True
18.825233697891235,506.0,128.0,7814.0,-165.0,126.0,-15.0,26.64,895.08,1033.85,39.822416,32.659365,12,1091.6,True
19.115740537643433,552.0,132.0,7778.0,-164.0,122.0,-15.0,26.64,895.08,1033.87,39.822415,32.659364,12,1091.6,True
19.149855613708496,552.0,132.0,7778.0,-164.0,122.0,-15.0,26.64,895.08,1033.87,39.822415,32.659364,12,1091.6,True
19.433571338653564,522.0,158.0,7810.0,-163.0,120.0,-12.0,26.64,895.08,1033.86,39.822415,32.659364,12,1091.4,True
19.477274656295776,522.0,158.0,7810.0,-163.0,120.0,-12.0,26.64,895.08,1033.86,39.822415,32.659364,12,1091.4,True
19.75394916534424,502.0,132.0,7762.0,-165.0,122.0,-13.0,26.64,895.08,1033.84,39.822415,32.659364,12,1091.4,True
19.796443939208984,502.0,132.0,7762.0,-165.0,122.0,-13.0,26.64,895.08,1033.84,39.822415,32.659364,12,1091.4,True
20.065419673919678,506.0,126.0,7764.0,-160.0,118.0,-13.0,26.64,895.08,1033.83,39.822415,32.659364,12,1091.4,True
20.102079153060913,506.0,126.0,7764.0,-160.0,118.0,-13.0,26.64,895.08,1033.83,39.822415,32.659364,12,1091.4,True
20.392570734024048,556.0,130.0,7790.0,-167.0,125.0,-8.0,26.64,895.07,1033.91,39.822415,32.659364,12,1091.3,True
20.43538188934326,556.0,130.0,7790.0,-167.0,125.0,-8.0,26.64,895.07,1033.91,39.822415,32.659364,12,1091.3,True
20.695490837097168,550.0,120.0,7778.0,-167.0,118.0,-8.0,26.65,895.09,1033.81,39.822415,32.659364,12,1091.3,True
20.75983476638794,550.0,120.0,7778.0,-167.0,118.0,-8.0,26.65,895.09,1033.81,39.822415,32.659364,12,1091.3,True
21.013240814208984,526.0,138.0,7752.0,-166.0,117.0,-11.0,26.64,895.09,1033.76,39.822415,32.659364,12,1091.3,True
21.05951237678528,526.0,138.0,7752.0,-166.0,117.0,-11.0,26.64,895.09,1033.76,39.822415,32.659364,12,1091.3,True
21.33244228363037,530.0,142.0,7760.0,-163.0,122.0,-15.0,26.65,895.09,1033.74,39.822415,32.659364,12,1091.3,True
21.392146825790405,530.0,142.0,7760.0,-163.0,122.0,-15.0,26.65,895.09,1033.74,39.822415,32.659364,12,1091.3,True
21.669063568115234,520.0,144.0,7758.0,-164.0,125.0,-15.0,26.64,895.09,1033.78,39.822415,32.659364,12,1091.3,True
21.699138164520264,520.0,144.0,7758.0,-164.0,125.0,-15.0,26.64,895.09,1033.78,39.822415,32.659364,12,1091.3,True
21.99408197402954,548.0,138.0,7700.0,-158.0,117.0,-15.0,26.64,895.09,1033.78,39.822415,32.659364,12,1091.3,True
22.025338172912598,548.0,138.0,7700.0,-158.0,117.0,-15.0,26.64,895.09,1033.78,39.822415,32.659364,12,1091.3,True
22.314236164093018,534.0,100.0,7748.0,-164.0,125.0,-17.0,26.64,895.09,1033.75,39.822415,32.659363,12,1091.1,True
22.33649969100952,534.0,100.0,7748.0,-164.0,125.0,-17.0,26.64,895.09,1033.75,39.822415,32.659363,12,1091.1,True
22.625216245651245,512.0,122.0,7768.0,-159.0,115.0,-11.0,26.65,895.08,1033.86,39.822415,32.659363,12,1091.1,True
22.656587839126587,512.0,122.0,7768.0,-159.0,115.0,-11.0,26.65,895.08,1033.86,39.822415,32.659363,12,1091.1,True
22.945213079452515,534.0,174.0,7736.0,-163.0,125.0,-11.0,26.64,895.06,1034.02,39.822415,32.659363,12,1091.1,True
22.97971796989441,534.0,174.0,7736.0,-163.0,125.0,-11.0,26.64,895.06,1034.02,39.822415,32.659363,12,1091.1,True
23.26495361328125,528.0,150.0,7760.0,-162.0,117.0,-10.0,26.65,895.08,1033.89,39.822417,32.659362,12,1090.8,True
23.305893182754517,528.0,150.0,7760.0,-162.0,117.0,-10.0,26.65,895.08,1033.89,39.822417,32.659362,12,1090.8,True
23.5875985622406,548.0,158.0,7756.0,-164.0,127.0,-18.0,26.65,895.09,1033.75,39.822417,32.659362,12,1090.8,True
23.6261305809021,548.0,158.0,7756.0,-164.0,127.0,-18.0,26.65,895.09,1033.75,39.822417,32.659362,12,1090.8,True
23.907392024993896,520.0,132.0,7768.0,-164.0,118.0,-20.0,26.65,895.09,1033.76,39.822417,32.659362,12,1090.8,True
23.9420964717865,520.0,132.0,7768.0,-164.0,118.0,-20.0,26.65,895.09,1033.76,39.822417,32.659362,12,1090.8,True
24.22853374481201,516.0,150.0,7738.0,-163.0,118.0,-13.0,26.65,895.08,1033.88,39.822417,32.659362,12,1090.8,True
24.268731117248535,516.0,150.0,7738.0,-163.0,118.0,-13.0,26.65,895.08,1033.88,39.822417,32.659362,12,1090.8,True
24.5376193523407,516.0,136.0,7772.0,-169.0,127.0,-11.0,26.65,895.08,1033.85,39.822417,32.659362,12,1090.7,True
24.588016986846924,516.0,136.0,7772.0,-169.0,127.0,-11.0,26.65,895.08,1033.85,39.822417,32.659362,12,1090.7,True
24.844093799591064,528.0,120.0,7750.0,-167.0,118.0,-11.0,26.65,895.08,1033.86,39.822417,32.659362,12,1090.7,True
24.9070942401886,528.0,120.0,7750.0,-167.0,118.0,-11.0,26.65,895.08,1033.86,39.822417,32.659362,12,1090.7,True
25.163572788238525,534.0,116.0,7730.0,-163.0,125.0,-12.0,26.65,895.08,1033.83,39.822417,32.659361,12,1090.7,True
25.227767944335938,534.0,116.0,7730.0,-163.0,125.0,-12.0,26.65,895.08,1033.83,39.822417,32.659361,12,1090.7,True
25.482857704162598,502.0,140.0,7822.0,-157.0,130.0,-12.0,26.65,895.09,1033.77,39.822417,32.659361,12,1090.6,True
25.541346549987793,502.0,140.0,7822.0,-157.0,130.0,-12.0,26.65,895.09,1033.77,39.822417,32.659361,12,1090.6,True
25.802629947662354,556.0,148.0,7716.0,-172.0,119.0,-8.0,26.65,895.1,1033.69,39.822417,32.659361,12,1090.6,True
25.848294734954834,556.0,148.0,7716.0,-172.0,119.0,-8.0,26.65,895.1,1033.69,39.822417,32.659361,12,1090.6,True
26.121357440948486,544.0,154.0,7740.0,-165.0,126.0,-9.0,26.65,895.1,1033.71,39.822417,32.65936,12,1090.6,True
26.16828727722168,544.0,154.0,7740.0,-165.0,126.0,-9.0,26.65,895.1,1033.71,39.822417,32.65936,12,1090.6,True
26.449561834335327,540.0,140.0,7784.0,-160.0,123.0,-20.0,26.65,895.09,1033.73,39.822417,32.65936,12,1090.3,True
26.48731517791748,540.0,140.0,7784.0,-160.0,123.0,-20.0,26.65,895.09,1033.73,39.822417,32.65936,12,1090.3,True
26.778561115264893,510.0,148.0,7746.0,-164.0,125.0,-6.0,26.65,895.09,1033.79,39.822417,32.65936,12,1090.3,True
26.807992935180664,510.0,148.0,7746.0,-164.0,125.0,-6.0,26.65,895.09,1033.79,39.822417,32.65936,12,1090.3,True
27.096712350845337,552.0,154.0,7772.0,-160.0,125.0,-10.0,26.65,895.09,1033.79,39.822418,32.659359,12,1090.3,True
27.142436504364014,552.0,154.0,7772.0,-160.0,125.0,-10.0,26.65,895.09,1033.79,39.822418,32.659359,12,1090.3,True
27.398374319076538,524.0,144.0,7756.0,-163.0,116.0,-13.0,26.65,895.08,1033.88,39.822418,32.659359,12,1090.2,True
27.4625985622406,524.0,144.0,7756.0,-163.0,116.0,-13.0,26.65,895.08,1033.88,39.822418,32.659359,12,1090.2,True
27.718745231628418,522.0,154.0,7790.0,-163.0,125.0,-12.0,26.65,895.09,1033.8,39.822418,32.659359,12,1090.2,True
27.76643943786621,522.0,154.0,7790.0,-163.0,125.0,-12.0,26.65,895.09,1033.8,39.822418,32.659359,12,1090.2,True
28.04828953742981,536.0,124.0,7746.0,-166.0,119.0,-10.0,26.65,895.08,1033.88,39.822418,32.659359,12,1090.2,True
28.084087133407593,536.0,124.0,7746.0,-166.0,119.0,-10.0,26.65,895.08,1033.88,39.822418,32.659359,12,1090.2,True
28.366918563842773,550.0,134.0,7764.0,-157.0,122.0,-15.0,26.65,895.08,1033.82,39.822418,32.659359,12,1090.1,True
28.40346121788025,550.0,134.0,7764.0,-157.0,122.0,-15.0,26.65,895.08,1033.82,39.822418,32.659359,12,1090.1,True
28.69230318069458,516.0,138.0,7790.0,-168.0,118.0,-16.0,26.65,895.08,1033.86,39.822418,32.659359,12,1090.1,True
28.72352647781372,516.0,138.0,7790.0,-168.0,118.0,-16.0,26.65,895.08,1033.86,39.822418,32.659359,12,1090.1,True
29.009669303894043,544.0,170.0,7754.0,-155.0,127.0,-14.0,26.65,895.08,1033.88,39.822417,32.659358,12,1090.1,True
29.051314115524292,544.0,170.0,7754.0,-155.0,127.0,-14.0,26.65,895.08,1033.88,39.822417,32.659358,12,1090.1,True
29.333813667297363,536.0,136.0,7776.0,-165.0,115.0,-13.0,26.65,895.07,1033.96,39.822417,32.659358,12,1089.8,True
29.37187957763672,536.0,136.0,7776.0,-165.0,115.0,-13.0,26.65,895.07,1033.96,39.822417,32.659358,12,1089.8,True
29.6529757976532,526.0,174.0,7778.0,-166.0,120.0,-13.0,26.65,895.07,1033.94,39.822417,32.659358,12,1089.8,True
29.695090770721436,526.0,174.0,7778.0,-166.0,120.0,-13.0,26.65,895.07,1033.94,39.822417,32.659358,12,1089.8,True
29.952784299850464,534.0,158.0,7728.0,-159.0,125.0,-18.0,26.65,895.08,1033.84,39.822418,32.659358,12,1089.8,True
30.017975330352783,534.0,158.0,7728.0,-159.0,125.0,-18.0,26.65,895.08,1033.84,39.822418,32.659358,12,1089.8,True
30.272634983062744,566.0,112.0,7712.0,-166.0,115.0,-17.0,26.65,895.09,1033.8,39.822418,32.659358,12,1089.8,True
30.31833553314209,566.0,112.0,7712.0,-166.0,115.0,-17.0,26.65,895.09,1033.8,39.822418,32.659358,12,1089.8,True
30.596030712127686,548.0,144.0,7774.0,-159.0,116.0,-16.0,26.65,895.08,1033.86,39.822418,32.659358,12,1089.8,True
30.656904458999634,548.0,144.0,7774.0,-159.0,116.0,-16.0,26.65,895.08,1033.86,39.822418,32.659358,12,1089.8,True
30.923064947128296,532.0,160.0,7762.0,-161.0,124.0,-17.0,26.65,895.08,1033.85,39.822418,32.659358,12,1089.8,True
30.958465337753296,532.0,160.0,7762.0,-161.0,124.0,-17.0,26.65,895.08,1033.85,39.822418,32.659358,12,1089.8,True
31.254323482513428,524.0,138.0,7744.0,-165.0,121.0,-10.0,26.65,895.08,1033.87,39.822418,32.659358,12,1089.6,True
31.28571057319641,524.0,138.0,7744.0,-165.0,121.0,-10.0,26.65,895.08,1033.87,39.822418,32.659358,12,1089.6,True
31.570924520492554,564.0,170.0,7816.0,-162.0,124.0,-14.0,26.65,895.08,1033.82,39.822418,32.659358,12,1089.6,True
31.60649037361145,564.0,170.0,7816.0,-162.0,124.0,-14.0,26.65,895.08,1033.82,39.822418,32.659358,12,1089.6,True
31.88989567756653,536.0,156.0,7746.0,-165.0,118.0,-10.0,26.65,895.09,1033.79,39.822418,32.659358,12,1089.6,True
31.930130004882812,536.0,156.0,7746.0,-165.0,118.0,-10.0,26.65,895.09,1033.79,39.822418,32.659358,12,1089.6,True
32.195852518081665,530.0,116.0,7754.0,-164.0,118.0,-14.0,26.65,895.09,1033.74,39.822418,32.659357,12,1089.4,True
32.24416494369507,530.0,116.0,7754.0,-164.0,118.0,-14.0,26.65,895.09,1033.74,39.822418,32.659357,12,1089.4,True
32.506908893585205,522.0,142.0,7756.0,-162.0,121.0,-3.0,26.65,895.09,1033.78,39.822418,32.659357,12,1089.4,True
32.555001735687256,522.0,142.0,7756.0,-162.0,121.0,-3.0,26.65,895.09,1033.78,39.822418,32.659357,12,1089.4,True
32.83984422683716,538.0,150.0,7746.0,-163.0,119.0,-14.0,26.65,895.08,1033.85,39.822418,32.659357,12,1089.4,True
32.87286925315857,538.0,150.0,7746.0,-163.0,119.0,-14.0,26.65,895.08,1033.85,39.822418,32.659357,12,1089.4,True
33.17142581939697,526.0,138.0,7772.0,-161.0,121.0,-6.0,26.65,895.08,1033.89,39.822418,32.659356,12,1089.0,True
33.20913243293762,526.0,138.0,7772.0,-161.0,121.0,-6.0,26.65,895.08,1033.89,39.822418,32.659356,12,1089.0,True
33.48072910308838,542.0,126.0,7782.0,-162.0,126.0,-4.0,26.65,895.08,1033.88,39.822418,32.659356,12,1089.0,True
33.52820062637329,542.0,126.0,7782.0,-162.0,126.0,-4.0,26.65,895.08,1033.88,39.822418,32.659356,12,1089.0,True
33.79391050338745,522.0,104.0,7784.0,-165.0,115.0,-15.0,26.65,895.09,1033.78,39.822418,32.659356,12,1089.0,True
33.83093190193176,522.0,104.0,7784.0,-165.0,115.0,-15.0,26.65,895.09,1033.78,39.822418,32.659356,12,1089.0,True
34.12335968017578,542.0,150.0,7706.0,-164.0,116.0,-11.0,26.65,895.09,1033.77,39.822418,32.659355,12,1088.7,True
34.16501188278198,542.0,150.0,7706.0,-164.0,116.0,-11.0,26.65,895.09,1033.77,39.822418,32.659355,12,1088.7,True
34.43958115577698,514.0,136.0,7758.0,-163.0,117.0,-9.0,26.65,895.08,1033.82,39.822418,32.659355,12,1088.7,True
34.48655605316162,514.0,136.0,7758.0,-163.0,117.0,-9.0,26.65,895.08,1033.82,39.822418,32.659355,12,1088.7,True
34.75033473968506,530.0,150.0,7766.0,-161.0,120.0,-8.0,26.65,895.09,1033.74,39.822418,32.659355,12,1088.7,True
34.78987741470337,530.0,150.0,7766.0,-161.0,120.0,-8.0,26.65,895.09,1033.74,39.822418,32.659355,12,1088.7,True
35.07710027694702,564.0,138.0,7736.0,-164.0,125.0,-12.0,26.65,895.09,1033.74,39.822418,32.659355,12,1088.7,True
35.12278485298157,564.0,138.0,7736.0,-164.0,125.0,-12.0,26.65,895.09,1033.74,39.822418,32.659355,12,1088.7,True
35.38199162483215,510.0,102.0,7802.0,-160.0,120.0,-17.0,26.65,895.08,1033.83,39.822418,32.659355,12,1088.6,True
35.44125056266785,510.0,102.0,7802.0,-160.0,120.0,-17.0,26.65,895.08,1033.83,39.822418,32.659355,12,1088.6,True
35.70984506607056,510.0,148.0,7736.0,-163.0,122.0,-10.0,26.65,895.09,1033.79,39.822418,32.659355,12,1088.6,True
35.74689507484436,510.0,148.0,7736.0,-163.0,122.0,-10.0,26.65,895.09,1033.79,39.822418,32.659355,12,1088.6,True
36.03148150444031,560.0,122.0,7734.0,-164.0,120.0,-14.0,26.65,895.08,1033.89,39.822418,32.659355,12,1088.6,True
36.06513524055481,560.0,122.0,7734.0,-164.0,120.0,-14.0,26.65,895.08,1033.89,39.822418,32.659355,12,1088.6,True
36.359984159469604,540.0,178.0,7758.0,-168.0,120.0,-10.0,26.65,895.08,1033.86,39.822419,32.659354,12,1088.4,True
36.40622162818909,540.0,178.0,7758.0,-168.0,120.0,-10.0,26.65,895.08,1033.86,39.822419,32.659354,12,1088.4,True
36.657033920288086,552.0,146.0,7806.0,-162.0,115.0,-4.0,26.65,895.08,1033.84,39.822419,32.659354,12,1088.4,True
36.72124099731445,552.0,146.0,7806.0,-162.0,115.0,-4.0,26.65,895.08,1033.84,39.822419,32.659354,12,1088.4,True
36.97900176048279,542.0,170.0,7784.0,-166.0,124.0,-16.0,26.65,895.08,1033.85,39.822419,32.659354,12,1088.4,True
37.043243646621704,542.0,170.0,7784.0,-166.0,124.0,-16.0,26.65,895.08,1033.85,39.822419,32.659354,12,1088.4,True
37.29575324058533,536.0,116.0,7772.0,-158.0,120.0,-12.0,26.65,895.08,1033.86,39.82242,32.659354,12,1088.4,True
37.35932683944702,536.0,116.0,7772.0,-158.0,120.0,-12.0,26.65,895.08,1033.86,39.82242,32.659354,12,1088.4,True
37.615259885787964,500.0,134.0,7812.0,-166.0,121.0,-15.0,26.65,895.09,1033.77,39.82242,32.659354,12,1088.4,True
37.6621208190918,500.0,134.0,7812.0,-166.0,121.0,-15.0,26.65,895.09,1033.77,39.82242,32.659354,12,1088.4,True
37.93548917770386,536.0,144.0,7770.0,-162.0,119.0,-16.0,26.65,895.09,1033.78,39.82242,32.659354,12,1088.4,True
37.98111414909363,536.0,144.0,7770.0,-162.0,119.0,-16.0,26.65,895.09,1033.78,39.82242,32.659354,12,1088.4,True
38.25353813171387,532.0,128.0,7716.0,-172.0,120.0,-18.0,26.66,895.09,1033.78,39.82242,32.659353,12,1088.3,True
38.30346131324768,532.0,128.0,7716.0,-172.0,120.0,-18.0,26.66,895.09,1033.78,39.82242,32.659353,12,1088.3,True
38.583903551101685,520.0,152.0,7818.0,-166.0,122.0,-16.0,26.66,895.1,1033.69,39.82242,32.659353,12,1088.3,True
38.6190459728241,520.0,152.0,7818.0,-166.0,122.0,-16.0,26.66,895.1,1033.69,39.82242,32.659353,12,1088.3,True
38.914459466934204,550.0,148.0,7800.0,-158.0,122.0,-14.0,26.66,895.09,1033.73,39.82242,32.659353,12,1088.3,True
38.94047999382019,550.0,148.0,7800.0,-158.0,122.0,-14.0,26.66,895.09,1033.73,39.82242,32.659353,12,1088.3,True
39.55345106124878,520.0,96.0,7778.0,-162.0,121.0,-10.0,26.66,895.09,1033.74,39.822421,32.659352,12,1088.1,True
39.59708046913147,520.0,96.0,7778.0,-162.0,121.0,-10.0,26.66,895.09,1033.74,39.822421,32.659352,12,1088.1,True
39.87035346031189,534.0,146.0,7762.0,-167.0,125.0,-12.0,26.66,895.1,1033.64,39.822421,32.659352,12,1088.1,True
39.917783975601196,534.0,146.0,7762.0,-167.0,125.0,-12.0,26.66,895.1,1033.64,39.822421,32.659352,12,1088.1,True
40.16906380653381,538.0,152.0,7750.0,-159.0,122.0,-9.0,26.66,895.1,1033.65,39.822422,32.659353,12,1088.1,True
40.215946435928345,538.0,152.0,7750.0,-159.0,122.0,-9.0,26.66,895.1,1033.65,39.822422,32.659353,12,1088.1,True
40.49756908416748,512.0,138.0,7792.0,-164.0,122.0,-11.0,26.66,895.1,1033.69,39.822422,32.659353,12,1088.1,True
40.53553485870361,512.0,138.0,7792.0,-164.0,122.0,-11.0,26.66,895.1,1033.69,39.822422,32.659353,12,1088.1,True
40.81716060638428,502.0,128.0,7806.0,-168.0,119.0,-22.0,26.66,895.1,1033.71,39.822422,32.659353,12,1088.1,True
40.85509204864502,502.0,128.0,7806.0,-168.0,119.0,-22.0,26.66,895.1,1033.71,39.822422,32.659353,12,1088.1,True
41.14608883857727,560.0,146.0,7774.0,-159.0,129.0,-5.0,26.66,895.08,1033.82,39.822422,32.659353,12,1088.1,True
41.188772201538086,560.0,146.0,7774.0,-159.0,129.0,-5.0,26.66,895.08,1033.82,39.822422,32.659353,12,1088.1,True
41.46503043174744,560.0,118.0,7748.0,-164.0,119.0,-11.0,26.66,895.09,1033.79,39.822422,32.659353,12,1088.1,True
41.50967621803284,560.0,118.0,7748.0,-164.0,119.0,-11.0,26.66,895.09,1033.79,39.822422,32.659353,12,1088.1,True
41.76518797874451,522.0,156.0,7740.0,-162.0,122.0,-9.0,26.66,895.08,1033.82,39.822422,32.659353,12,1088.1,True
41.829911947250366,522.0,156.0,7740.0,-162.0,122.0,-9.0,26.66,895.08,1033.82,39.822422,32.659353,12,1088.1,True
42.08850955963135,558.0,110.0,7774.0,-167.0,112.0,-17.0,26.66,895.09,1033.81,39.822423,32.659353,12,1088.1,True
42.15074801445007,558.0,110.0,7774.0,-167.0,112.0,-17.0,26.66,895.09,1033.81,39.822423,32.659353,12,1088.1,True
42.41046118736267,544.0,164.0,7764.0,-160.0,122.0,-16.0,26.66,895.08,1033.84,39.822423,32.659353,12,1088.0,True
42.464831829071045,544.0,164.0,7764.0,-160.0,122.0,-16.0,26.66,895.08,1033.84,39.822423,32.659353,12,1088.0,True
42.723002195358276,552.0,150.0,7806.0,-165.0,121.0,-9.0,26.66,895.09,1033.78,39.822423,32.659353,12,1088.0,True
42.77510476112366,552.0,150.0,7806.0,-165.0,121.0,-9.0,26.66,895.09,1033.78,39.822423,32.659353,12,1088.0,True
43.0431854724884,536.0,136.0,7726.0,-168.0,119.0,-12.0,26.66,895.09,1033.79,39.822423,32.659353,12,1088.0,True
43.08901405334473,536.0,136.0,7726.0,-168.0,119.0,-12.0,26.66,895.09,1033.79,39.822423,32.659353,12,1088.0,True
43.36220049858093,512.0,142.0,7752.0,-166.0,116.0,-19.0,26.66,895.08,1033.86,39.822423,32.659353,12,1087.9,True
43.4080376625061,512.0,142.0,7752.0,-166.0,116.0,-19.0,26.66,895.08,1033.86,39.822423,32.659353,12,1087.9,True
43.68216943740845,562.0,136.0,7804.0,-162.0,116.0,-14.0,26.66,895.09,1033.78,39.822423,32.659353,12,1087.9,True
43.73981833457947,562.0,136.0,7804.0,-162.0,116.0,-14.0,26.66,895.09,1033.78,39.822423,32.659353,12,1087.9,True
44.00605273246765,516.0,140.0,7800.0,-166.0,112.0,-16.0,26.66,895.09,1033.75,39.822423,32.659353,12,1087.9,True
44.06481599807739,516.0,140.0,7800.0,-166.0,112.0,-16.0,26.66,895.09,1033.75,39.822423,32.659353,12,1087.9,True
44.321497678756714,556.0,160.0,7732.0,-159.0,121.0,-13.0,26.66,895.09,1033.79,39.822424,32.659353,12,1087.9,True
44.3676495552063,556.0,160.0,7732.0,-159.0,121.0,-13.0,26.66,895.09,1033.79,39.822424,32.659353,12,1087.9,True
44.63910388946533,534.0,134.0,7922.0,-153.0,128.0,-12.0,26.66,895.09,1033.78,39.822424,32.659353,12,1087.9,True
44.69780611991882,534.0,134.0,7922.0,-153.0,128.0,-12.0,26.66,895.09,1033.78,39.822424,32.659353,12,1087.9,True
44.958083391189575,536.0,152.0,7760.0,-165.0,128.0,-12.0,26.66,895.1,1033.64,39.822424,32.659353,12,1087.9,True
45.02111339569092,536.0,152.0,7760.0,-165.0,128.0,-12.0,26.66,895.1,1033.64,39.822424,32.659353,12,1087.9,True
45.27728605270386,522.0,92.0,7700.0,-161.0,118.0,-18.0,26.66,895.1,1033.68,39.822424,32.659353,12,1087.9,True
45.32424306869507,522.0,92.0,7700.0,-161.0,118.0,-18.0,26.66,895.1,1033.68,39.822424,32.659353,12,1087.9,True
45.596619606018066,524.0,106.0,7744.0,-165.0,121.0,-12.0,26.66,895.1,1033.71,39.822424,32.659353,12,1087.9,True
45.64280915260315,524.0,106.0,7744.0,-165.0,121.0,-12.0,26.66,895.1,1033.71,39.822424,32.659353,12,1087.9,True
45.91586470603943,536.0,166.0,7754.0,-169.0,119.0,-8.0,26.66,895.09,1033.81,39.822424,32.659353,12,1087.9,True
45.962761878967285,536.0,166.0,7754.0,-169.0,119.0,-8.0,26.66,895.09,1033.81,39.822424,32.659353,12,1087.9,True
46.23506164550781,556.0,164.0,7768.0,-166.0,122.0,-9.0,26.66,895.09,1033.74,39.822425,32.659353,12,1087.9,True
46.28759479522705,556.0,164.0,7768.0,-166.0,122.0,-9.0,26.66,895.09,1033.74,39.822425,32.659353,12,1087.9,True
46.561049699783325,548.0,122.0,7754.0,-160.0,119.0,-12.0,26.66,895.1,1033.69,39.822425,32.659353,12,1087.9,True
46.61767554283142,548.0,122.0,7754.0,-160.0,119.0,-12.0,26.66,895.1,1033.69,39.822425,32.659353,12,1087.9,True
46.880189180374146,514.0,152.0,7752.0,-161.0,128.0,-14.0,26.66,895.1,1033.67,39.822425,32.659353,12,1087.9,True
46.93935585021973,514.0,152.0,7752.0,-161.0,128.0,-14.0,26.66,895.1,1033.67,39.822425,32.659353,12,1087.9,True
47.21633744239807,528.0,144.0,7758.0,-161.0,122.0,-7.0,26.66,895.09,1033.77,39.822425,32.659353,12,1087.8,True
47.24067187309265,528.0,144.0,7758.0,-161.0,122.0,-7.0,26.66,895.09,1033.77,39.822425,32.659353,12,1087.8,True
47.53657650947571,572.0,136.0,7726.0,-162.0,119.0,-13.0,26.66,895.09,1033.81,39.822425,32.659353,12,1087.8,True
47.55883026123047,572.0,136.0,7726.0,-162.0,119.0,-13.0,26.66,895.09,1033.81,39.822425,32.659353,12,1087.8,True
47.84917998313904,516.0,122.0,7772.0,-165.0,119.0,-10.0,26.66,895.09,1033.73,39.822425,32.659353,12,1087.8,True
47.890639305114746,516.0,122.0,7772.0,-165.0,119.0,-10.0,26.66,895.09,1033.73,39.822425,32.659353,12,1087.8,True
48.16599893569946,554.0,116.0,7796.0,-167.0,124.0,-13.0,26.66,895.09,1033.74,39.822424,32.659353,12,1087.7,True
48.2113516330719,554.0,116.0,7796.0,-167.0,124.0,-13.0,26.66,895.09,1033.74,39.822424,32.659353,12,1087.7,True
48.4849648475647,530.0,120.0,7784.0,-171.0,119.0,-11.0,26.66,895.09,1033.73,39.822424,32.659353,12,1087.7,True
48.529244899749756,530.0,120.0,7784.0,-171.0,119.0,-11.0,26.66,895.09,1033.73,39.822424,32.659353,12,1087.7,True
48.78987121582031,528.0,152.0,7764.0,-168.0,122.0,-20.0,26.66,895.08,1033.87,39.822424,32.659353,12,1087.7,True
48.84184813499451,528.0,152.0,7764.0,-168.0,122.0,-20.0,26.66,895.08,1033.87,39.822424,32.659353,12,1087.7,True
49.108736753463745,524.0,154.0,7724.0,-165.0,119.0,-17.0,26.66,895.09,1033.77,39.822425,32.659353,12,1087.7,True
49.15507125854492,524.0,154.0,7724.0,-165.0,119.0,-17.0,26.66,895.09,1033.77,39.822425,32.659353,12,1087.7,True
49.428526639938354,504.0,126.0,7714.0,-162.0,116.0,-18.0,26.66,895.09,1033.81,39.822425,32.659353,12,1087.6,True
49.4748170375824,504.0,126.0,7714.0,-162.0,116.0,-18.0,26.66,895.09,1033.81,39.822425,32.659353,12,1087.6,True
49.74728846549988,558.0,160.0,7766.0,-166.0,125.0,-15.0,26.66,895.08,1033.87,39.822425,32.659353,12,1087.6,True
49.79378032684326,558.0,160.0,7766.0,-166.0,125.0,-15.0,26.66,895.08,1033.87,39.822425,32.659353,12,1087.6,True
50.06655430793762,506.0,136.0,7744.0,-165.0,120.0,-6.0,26.66,895.08,1033.83,39.822425,32.659354,12,1087.6,True
50.114845514297485,506.0,136.0,7744.0,-165.0,120.0,-6.0,26.66,895.08,1033.83,39.822425,32.659354,12,1087.6,True
50.38646197319031,518.0,162.0,7770.0,-156.0,120.0,-14.0,26.66,895.09,1033.78,39.822425,32.659354,12,1087.6,True
50.4358491897583,518.0,162.0,7770.0,-156.0,120.0,-14.0,26.66,895.09,1033.78,39.822425,32.659354,12,1087.6,True
50.71674561500549,530.0,152.0,7726.0,-157.0,125.0,-14.0,26.66,895.08,1033.83,39.822425,32.659354,12,1087.6,True
50.751739263534546,530.0,152.0,7726.0,-157.0,125.0,-14.0,26.66,895.08,1033.83,39.822425,32.659354,12,1087.6,True
51.03717088699341,520.0,138.0,7736.0,-164.0,119.0,-15.0,26.66,895.09,1033.78,39.822425,32.659354,12,1087.6,True
51.070770502090454,520.0,138.0,7736.0,-164.0,119.0,-15.0,26.66,895.09,1033.78,39.822425,32.659354,12,1087.6,True
51.36783051490784,536.0,158.0,7732.0,-160.0,122.0,-7.0,26.66,895.08,1033.89,39.822425,32.659354,12,1087.5,True
51.39923357963562,536.0,158.0,7732.0,-160.0,122.0,-7.0,26.66,895.08,1033.89,39.822425,32.659354,12,1087.5,True
51.68519616127014,538.0,148.0,7804.0,-169.0,117.0,-15.0,26.66,895.08,1033.82,39.822425,32.659354,12,1087.5,True
51.719831705093384,538.0,148.0,7804.0,-169.0,117.0,-15.0,26.66,895.08,1033.82,39.822425,32.659354,12,1087.5,True
51.98261880874634,574.0,140.0,7750.0,-170.0,120.0,-9.0,26.66,895.08,1033.84,39.822425,32.659354,12,1087.5,True
52.049684286117554,574.0,140.0,7750.0,-170.0,120.0,-9.0,26.66,895.08,1033.84,39.822425,32.659354,12,1087.5,True
52.30224680900574,530.0,118.0,7756.0,-163.0,116.0,-12.0,26.66,895.08,1033.87,39.822426,32.659355,12,1087.5,True
52.37320923805237,530.0,118.0,7756.0,-163.0,116.0,-12.0,26.66,895.08,1033.87,39.822426,32.659355,12,1087.5,True
52.637065410614014,502.0,166.0,7720.0,-167.0,119.0,-10.0,26.67,895.07,1033.92,39.822426,32.659355,12,1087.5,True
52.6823570728302,502.0,166.0,7720.0,-167.0,119.0,-10.0,26.67,895.07,1033.92,39.822426,32.659355,12,1087.5,True
52.95583462715149,534.0,154.0,7748.0,-166.0,119.0,-19.0,26.67,895.09,1033.79,39.822426,32.659355,12,1087.5,True
53.00341820716858,534.0,154.0,7748.0,-166.0,119.0,-19.0,26.67,895.09,1033.79,39.822426,32.659355,12,1087.5,True
53.270511627197266,536.0,164.0,7750.0,-162.0,116.0,-12.0,26.67,895.08,1033.84,39.822427,32.659355,12,1087.5,True
53.32382583618164,536.0,164.0,7750.0,-162.0,116.0,-12.0,26.67,895.08,1033.84,39.822427,32.659355,12,1087.5,True
53.59078097343445,568.0,160.0,7774.0,-163.0,115.0,-14.0,26.67,895.09,1033.8,39.822427,32.659355,12,1087.5,True
53.63514852523804,568.0,160.0,7774.0,-163.0,115.0,-14.0,26.67,895.09,1033.8,39.822427,32.659355,12,1087.5,True
53.90697455406189,558.0,166.0,7798.0,-158.0,119.0,-13.0,26.67,895.09,1033.76,39.822427,32.659355,12,1087.5,True
53.97105884552002,558.0,166.0,7798.0,-158.0,119.0,-13.0,26.67,895.09,1033.76,39.822427,32.659355,12,1087.5,True
54.2293176651001,562.0,136.0,7762.0,-160.0,122.0,-10.0,26.66,895.08,1033.87,39.822428,32.659356,12,1087.5,True
54.28330755233765,562.0,136.0,7762.0,-160.0,122.0,-10.0,26.66,895.08,1033.87,39.822428,32.659356,12,1087.5,True
54.55027484893799,524.0,128.0,7774.0,-161.0,120.0,-15.0,26.66,895.09,1033.77,39.822428,32.659356,12,1087.5,True
54.59590935707092,524.0,128.0,7774.0,-161.0,120.0,-15.0,26.66,895.09,1033.77,39.822428,32.659356,12,1087.5,True
54.86844205856323,538.0,146.0,7774.0,-153.0,127.0,-16.0,26.66,895.09,1033.76,39.822428,32.659356,12,1087.5,True
54.912352085113525,538.0,146.0,7774.0,-153.0,127.0,-16.0,26.66,895.09,1033.76,39.822428,32.659356,12,1087.5,True
55.186102628707886,592.0,174.0,7788.0,-164.0,117.0,-18.0,26.66,895.09,1033.77,39.822428,32.659355,12,1087.5,True
55.23013758659363,592.0,174.0,7788.0,-164.0,117.0,-18.0,26.66,895.09,1033.77,39.822428,32.659355,12,1087.5,True
55.50424098968506,532.0,142.0,7790.0,-159.0,118.0,-15.0,26.66,895.09,1033.77,39.822428,32.659355,12,1087.3,True
55.54945158958435,532.0,142.0,7790.0,-159.0,118.0,-15.0,26.66,895.09,1033.77,39.822428,32.659355,12,1087.3,True
55.826921701431274,536.0,134.0,7768.0,-166.0,114.0,-9.0,26.66,895.09,1033.77,39.822428,32.659355,12,1087.3,True
55.86946725845337,536.0,134.0,7768.0,-166.0,114.0,-9.0,26.66,895.09,1033.77,39.822428,32.659355,12,1087.3,True
56.14898467063904,572.0,126.0,7802.0,-162.0,118.0,-17.0,26.67,895.1,1033.66,39.822428,32.659355,12,1087.3,True
56.17954111099243,572.0,126.0,7802.0,-162.0,118.0,-17.0,26.67,895.1,1033.66,39.822428,32.659355,12,1087.3,True
56.452879905700684,508.0,126.0,7714.0,-159.0,124.0,-11.0,26.67,895.09,1033.72,39.822429,32.659355,12,1087.1,True
56.49858903884888,508.0,126.0,7714.0,-159.0,124.0,-11.0,26.67,895.09,1033.72,39.822429,32.659355,12,1087.1,True
56.77097988128662,562.0,168.0,7774.0,-160.0,127.0,-18.0,26.66,895.09,1033.76,39.822429,32.659355,12,1087.1,True
56.82436943054199,562.0,168.0,7774.0,-160.0,127.0,-18.0,26.66,895.09,1033.76,39.822429,32.659355,12,1087.1,True
57.090442419052124,566.0,138.0,7724.0,-166.0,119.0,-13.0,26.66,895.09,1033.79,39.822429,32.659355,12,1087.1,True
57.14657664299011,566.0,138.0,7724.0,-166.0,119.0,-13.0,26.66,895.09,1033.79,39.822429,32.659355,12,1087.1,True
57.411073207855225,516.0,156.0,7758.0,-163.0,118.0,-15.0,26.66,895.08,1033.89,39.82243,32.659355,12,1087.0,True
57.460047245025635,516.0,156.0,7758.0,-163.0,118.0,-15.0,26.66,895.08,1033.89,39.82243,32.659355,12,1087.0,True
57.729729413986206,504.0,170.0,7788.0,-162.0,122.0,-15.0,26.66,895.09,1033.81,39.82243,32.659355,12,1087.0,True
57.775537967681885,504.0,170.0,7788.0,-162.0,122.0,-15.0,26.66,895.09,1033.81,39.82243,32.659355,12,1087.0,True
58.04884600639343,530.0,166.0,7790.0,-165.0,125.0,-17.0,26.66,895.09,1033.81,39.82243,32.659355,12,1087.0,True
58.094698905944824,530.0,166.0,7790.0,-165.0,125.0,-17.0,26.66,895.09,1033.81,39.82243,32.659355,12,1087.0,True
58.36768054962158,538.0,132.0,7782.0,-159.0,123.0,-13.0,26.66,895.08,1033.88,39.82243,32.659355,12,1087.0,True
58.414671182632446,538.0,132.0,7782.0,-159.0,123.0,-13.0,26.66,895.08,1033.88,39.82243,32.659355,12,1087.0,True
58.68672561645508,538.0,132.0,7756.0,-164.0,115.0,-15.0,26.66,895.08,1033.89,39.82243,32.659355,12,1087.0,True
58.73354434967041,538.0,132.0,7756.0,-164.0,115.0,-15.0,26.66,895.08,1033.89,39.82243,32.659355,12,1087.0,True
59.00667452812195,546.0,138.0,7724.0,-161.0,120.0,-13.0,26.66,895.08,1033.88,39.82243,32.659355,12,1087.0,True
59.05326175689697,546.0,138.0,7724.0,-161.0,120.0,-13.0,26.66,895.08,1033.88,39.82243,32.659355,12,1087.0,True
59.32591485977173,558.0,138.0,7742.0,-168.0,127.0,-14.0,26.66,895.08,1033.82,39.82243,32.659355,12,1086.9,True
59.37232065200806,558.0,138.0,7742.0,-168.0,127.0,-14.0,26.66,895.08,1033.82,39.82243,32.659355,12,1086.9,True
59.64536690711975,538.0,142.0,7790.0,-159.0,123.0,-10.0,26.66,895.07,1033.91,39.82243,32.659355,12,1086.9,True
59.69487905502319,538.0,142.0,7790.0,-159.0,123.0,-10.0,26.66,895.07,1033.91,39.82243,32.659355,12,1086.9,True
59.963693380355835,560.0,148.0,7718.0,-165.0,119.0,-9.0,26.66,895.08,1033.9,39.82243,32.659355,12,1086.9,True
60.01660084724426,560.0,148.0,7718.0,-165.0,119.0,-9.0,26.66,895.08,1033.9,39.82243,32.659355,12,1086.9,True
60.28300499916077,556.0,136.0,7798.0,-165.0,122.0,-23.0,26.66,895.07,1033.96,39.822431,32.659353,12,1086.9,True
60.33381223678589,556.0,136.0,7798.0,-165.0,122.0,-23.0,26.66,895.07,1033.96,39.822431,32.659353,12,1086.9,True
60.61682724952698,520.0,150.0,7808.0,-166.0,121.0,-12.0,26.66,895.08,1033.87,39.822431,32.659353,12,1086.6,True
60.648908853530884,520.0,150.0,7808.0,-166.0,121.0,-12.0,26.66,895.08,1033.87,39.822431,32.659353,12,1086.6,True
60.93923497200012,528.0,160.0,7756.0,-158.0,124.0,-17.0,26.66,895.09,1033.81,39.822431,32.659353,12,1086.6,True
60.975744009017944,528.0,160.0,7756.0,-158.0,124.0,-17.0,26.66,895.09,1033.81,39.822431,32.659353,12,1086.6,True
61.25796389579773,516.0,158.0,7756.0,-170.0,124.0,-9.0,26.66,895.08,1033.86,39.822432,32.659352,12,1086.6,True
61.3013391494751,516.0,158.0,7756.0,-170.0,124.0,-9.0,26.66,895.08,1033.86,39.822432,32.659352,12,1086.6,True
61.58454346656799,562.0,124.0,7798.0,-159.0,120.0,-8.0,26.66,895.08,1033.89,39.822432,32.659352,12,1086.4,True
61.616706132888794,562.0,124.0,7798.0,-159.0,120.0,-8.0,26.66,895.08,1033.89,39.822432,32.659352,12,1086.4,True
61.879331827163696,536.0,112.0,7784.0,-165.0,116.0,-9.0,26.66,895.08,1033.9,39.822432,32.659352,12,1086.4,True
61.944589376449585,536.0,112.0,7784.0,-165.0,116.0,-9.0,26.66,895.08,1033.9,39.822432,32.659352,12,1086.4,True
62.200254917144775,580.0,152.0,7794.0,-169.0,115.0,-14.0,26.66,895.07,1033.99,39.822433,32.659351,12,1086.4,True
62.268136978149414,580.0,152.0,7794.0,-169.0,115.0,-14.0,26.66,895.07,1033.99,39.822433,32.659351,12,1086.4,True
62.53388738632202,552.0,136.0,7790.0,-166.0,118.0,-15.0,26.66,895.07,1033.95,39.822433,32.659351,12,1086.2,True
62.56436538696289,552.0,136.0,7790.0,-166.0,118.0,-15.0,26.66,895.07,1033.95,39.822433,32.659351,12,1086.2,True
62.83709692955017,570.0,124.0,7824.0,-165.0,116.0,-13.0,26.66,895.08,1033.82,39.822433,32.659351,12,1086.2,True
62.885581731796265,570.0,124.0,7824.0,-165.0,116.0,-13.0,26.66,895.08,1033.82,39.822433,32.659351,12,1086.2,True
63.16141080856323,538.0,158.0,7742.0,-164.0,118.0,-14.0,26.66,895.08,1033.84,39.822433,32.659351,12,1086.2,True
63.217538833618164,538.0,158.0,7742.0,-164.0,118.0,-14.0,26.66,895.08,1033.84,39.822433,32.659351,12,1086.2,True
63.48073363304138,538.0,138.0,7750.0,-162.0,126.0,-8.0,26.66,895.09,1033.79,39.822434,32.65935,12,1086.0,True
63.53604459762573,538.0,138.0,7750.0,-162.0,126.0,-8.0,26.66,895.09,1033.79,39.822434,32.65935,12,1086.0,True
63.80043959617615,528.0,166.0,7762.0,-161.0,120.0,-5.0,26.66,895.08,1033.89,39.822434,32.65935,12,1086.0,True
63.855037689208984,528.0,166.0,7762.0,-161.0,120.0,-5.0,26.66,895.08,1033.89,39.822434,32.65935,12,1086.0,True
64.1347599029541,558.0,132.0,7778.0,-168.0,124.0,-24.0,26.66,895.07,1033.92,39.822434,32.65935,12,1086.0,True
64.16038537025452,558.0,132.0,7778.0,-168.0,124.0,-24.0,26.66,895.07,1033.92,39.822434,32.65935,12,1086.0,True
64.45437145233154,570.0,178.0,7766.0,-169.0,121.0,-10.0,26.66,895.07,1033.97,39.822434,32.659351,12,1086.0,True
64.48502683639526,570.0,178.0,7766.0,-169.0,121.0,-10.0,26.66,895.07,1033.97,39.822434,32.659351,12,1086.0,True
64.774174451828,494.0,142.0,7748.0,-154.0,121.0,-17.0,26.66,895.07,1033.98,39.822434,32.659351,12,1086.0,True
64.8096981048584,494.0,142.0,7748.0,-154.0,121.0,-17.0,26.66,895.07,1033.98,39.822434,32.659351,12,1086.0,True
65.07166814804077,554.0,134.0,7806.0,-174.0,123.0,-8.0,26.66,895.05,1034.11,39.822434,32.659351,12,1086.0,True
65.13586163520813,554.0,134.0,7806.0,-174.0,123.0,-8.0,26.66,895.05,1034.11,39.822434,32.659351,12,1086.0,True
65.3987398147583,544.0,152.0,7798.0,-159.0,118.0,-10.0,26.66,895.05,1034.11,39.822434,32.659352,12,1086.0,True
65.45388531684875,544.0,152.0,7798.0,-159.0,118.0,-10.0,26.66,895.05,1034.11,39.822434,32.659352,12,1086.0,True
65.71051979064941,578.0,140.0,7754.0,-166.0,124.0,-11.0,26.66,895.06,1034.07,39.822434,32.659352,12,1086.0,True
65.77219486236572,578.0,140.0,7754.0,-166.0,124.0,-11.0,26.66,895.06,1034.07,39.822434,32.659352,12,1086.0,True
66.02980732917786,530.0,148.0,7764.0,-157.0,115.0,-9.0,26.66,895.06,1034.01,39.822434,32.659352,12,1086.0,True
66.07624745368958,530.0,148.0,7764.0,-157.0,115.0,-9.0,26.66,895.06,1034.01,39.822434,32.659352,12,1086.0,True
66.34973239898682,534.0,114.0,7766.0,-161.0,127.0,-14.0,26.66,895.06,1034.03,39.822435,32.659354,12,1086.3,True
66.40588212013245,534.0,114.0,7766.0,-161.0,127.0,-14.0,26.66,895.06,1034.03,39.822435,32.659354,12,1086.3,True
66.68975782394409,544.0,134.0,7728.0,-158.0,120.0,-11.0,26.66,895.06,1034.01,39.822435,32.659354,12,1086.3,True
66.71606516838074,544.0,134.0,7728.0,-158.0,120.0,-11.0,26.66,895.06,1034.01,39.822435,32.659354,12,1086.3,True
67.01975560188293,534.0,160.0,7720.0,-161.0,113.0,-11.0,26.66,895.07,1033.94,39.822435,32.659354,12,1086.3,True
67.05461931228638,534.0,160.0,7720.0,-161.0,113.0,-11.0,26.66,895.07,1033.94,39.822435,32.659354,12,1086.3,True
67.30924797058105,560.0,142.0,7736.0,-160.0,116.0,-8.0,26.66,895.06,1034.03,39.822437,32.659357,12,1086.3,True
67.3649640083313,560.0,142.0,7736.0,-160.0,116.0,-8.0,26.66,895.06,1034.03,39.822437,32.659357,12,1086.3,True
67.64568734169006,536.0,148.0,7792.0,-156.0,120.0,-15.0,26.66,895.06,1034.03,39.822437,32.659357,12,1086.7,True
67.67232060432434,536.0,148.0,7792.0,-156.0,120.0,-15.0,26.66,895.06,1034.03,39.822437,32.659357,12,1086.7,True
67.95573568344116,508.0,164.0,7790.0,-155.0,120.0,-10.0,26.66,895.07,1033.96,39.822437,32.659357,12,1086.7,True
67.99230098724365,508.0,164.0,7790.0,-155.0,120.0,-10.0,26.66,895.07,1033.96,39.822437,32.659357,12,1086.7,True
68.28618717193604,572.0,142.0,7746.0,-166.0,121.0,-21.0,26.66,895.08,1033.89,39.822438,32.659358,12,1086.7,True
68.32387852668762,572.0,142.0,7746.0,-166.0,121.0,-21.0,26.66,895.08,1033.89,39.822438,32.659358,12,1086.7,True
68.61317253112793,534.0,132.0,7770.0,-166.0,122.0,-5.0,26.66,895.08,1033.89,39.822438,32.659358,12,1086.9,True
68.64799189567566,534.0,132.0,7770.0,-166.0,122.0,-5.0,26.66,895.08,1033.89,39.822438,32.659358,12,1086.9,True
68.90306115150452,548.0,140.0,7800.0,-161.0,124.0,-17.0,26.66,895.08,1033.89,39.822438,32.659358,12,1086.9,True
68.96886920928955,548.0,140.0,7800.0,-161.0,124.0,-17.0,26.66,895.08,1033.89,39.822438,32.659358,12,1086.9,True
69.23672080039978,558.0,164.0,7738.0,-166.0,122.0,-10.0,26.65,895.08,1033.86,39.822439,32.65936,12,1086.9,True
69.28428030014038,558.0,164.0,7738.0,-166.0,122.0,-10.0,26.65,895.08,1033.86,39.822439,32.65936,12,1086.9,True
69.54484224319458,516.0,160.0,7736.0,-165.0,116.0,-16.0,26.65,895.07,1033.95,39.822439,32.65936,12,1087.3,True
69.60052156448364,516.0,160.0,7736.0,-165.0,116.0,-16.0,26.65,895.07,1033.95,39.822439,32.65936,12,1087.3,True
69.87857699394226,556.0,158.0,7756.0,-160.0,125.0,-12.0,26.65,895.07,1033.91,39.822439,32.65936,12,1087.3,True
69.90773630142212,556.0,158.0,7756.0,-160.0,125.0,-12.0,26.65,895.07,1033.91,39.822439,32.65936,12,1087.3,True
70.19529008865356,522.0,124.0,7776.0,-163.0,126.0,-10.0,26.65,895.06,1034.01,39.822439,32.65936,12,1087.3,True
70.22724413871765,522.0,124.0,7776.0,-163.0,126.0,-10.0,26.65,895.06,1034.01,39.822439,32.65936,12,1087.3,True
70.5182991027832,518.0,118.0,7772.0,-161.0,120.0,-17.0,26.65,895.07,1033.99,39.82244,32.659362,12,1087.5,True
70.55358648300171,518.0,118.0,7772.0,-161.0,120.0,-17.0,26.65,895.07,1033.99,39.82244,32.659362,12,1087.5,True
70.83164048194885,530.0,140.0,7772.0,-162.0,123.0,-17.0,26.65,895.05,1034.15,39.82244,32.659362,12,1087.5,True
70.87489461898804,530.0,140.0,7772.0,-162.0,123.0,-17.0,26.65,895.05,1034.15,39.82244,32.659362,12,1087.5,True
71.15616273880005,548.0,120.0,7746.0,-160.0,117.0,-16.0,26.65,895.05,1034.12,39.82244,32.659362,12,1087.5,True
71.1992404460907,548.0,120.0,7746.0,-160.0,117.0,-16.0,26.65,895.05,1034.12,39.82244,32.659362,12,1087.5,True
71.47305202484131,532.0,126.0,7734.0,-163.0,120.0,-12.0,26.65,895.06,1034.03,39.822441,32.659365,12,1087.8,True
71.5151674747467,532.0,126.0,7734.0,-163.0,120.0,-12.0,26.65,895.06,1034.03,39.822441,32.659365,12,1087.8,True
71.79297971725464,524.0,150.0,7744.0,-160.0,125.0,-12.0,26.65,895.06,1034.06,39.822441,32.659365,12,1087.8,True
71.84200263023376,524.0,150.0,7744.0,-160.0,125.0,-12.0,26.65,895.06,1034.06,39.822441,32.659365,12,1087.8,True
72.09561419487,518.0,154.0,7734.0,-163.0,126.0,-4.0,26.65,895.06,1034.02,39.822441,32.659365,12,1087.8,True
72.16138339042664,518.0,154.0,7734.0,-163.0,126.0,-4.0,26.65,895.06,1034.02,39.822441,32.659365,12,1087.8,True
72.41916084289551,500.0,128.0,7750.0,-154.0,120.0,-9.0,26.65,895.05,1034.11,39.822441,32.659366,12,1087.9,True
72.4821264743805,500.0,128.0,7750.0,-154.0,120.0,-9.0,26.65,895.05,1034.11,39.822441,32.659366,12,1087.9,True
72.7342894077301,520.0,116.0,7712.0,-167.0,114.0,-15.0,26.65,895.05,1034.11,39.822441,32.659366,12,1087.9,True
72.78115487098694,520.0,116.0,7712.0,-167.0,114.0,-15.0,26.65,895.05,1034.11,39.822441,32.659366,12,1087.9,True
73.05625867843628,538.0,120.0,7786.0,-158.0,123.0,-17.0,26.65,895.06,1034.05,39.822441,32.659366,12,1087.9,True
73.11443209648132,538.0,120.0,7786.0,-158.0,123.0,-17.0,26.65,895.06,1034.05,39.822441,32.659366,12,1087.9,True
73.39453601837158,538.0,108.0,7786.0,-161.0,124.0,-15.0,26.65,895.06,1034.0,39.822442,32.659368,12,1088.1,True
73.41911745071411,538.0,108.0,7786.0,-161.0,124.0,-15.0,26.65,895.06,1034.0,39.822442,32.659368,12,1088.1,True
73.71300411224365,552.0,154.0,7780.0,-161.0,122.0,-7.0,26.65,895.06,1034.09,39.822442,32.659368,12,1088.1,True
73.74732971191406,552.0,154.0,7780.0,-161.0,122.0,-7.0,26.65,895.06,1034.09,39.822442,32.659368,12,1088.1,True
74.03245210647583,536.0,156.0,7786.0,-156.0,122.0,-16.0,26.65,895.06,1034.02,39.822442,32.659368,12,1088.1,True
74.07488703727722,536.0,156.0,7786.0,-156.0,122.0,-16.0,26.65,895.06,1034.02,39.822442,32.659368,12,1088.1,True
74.33040022850037,552.0,146.0,7798.0,-164.0,121.0,-9.0,26.65,895.06,1034.06,39.822442,32.659368,12,1088.1,True
74.39542818069458,552.0,146.0,7798.0,-164.0,121.0,-9.0,26.65,895.06,1034.06,39.822442,32.659368,12,1088.1,True
74.66675353050232,504.0,132.0,7738.0,-163.0,120.0,-12.0,26.65,895.06,1034.02,39.822442,32.659368,12,1088.1,True
74.71883177757263,504.0,132.0,7738.0,-163.0,120.0,-12.0,26.65,895.06,1034.02,39.822442,32.659368,12,1088.1,True
74.97042560577393,526.0,124.0,7726.0,-159.0,121.0,-12.0,26.65,895.06,1034.05,39.822442,32.659368,12,1088.1,True
75.01611328125,526.0,124.0,7726.0,-159.0,121.0,-12.0,26.65,895.06,1034.05,39.822442,32.659368,12,1088.1,True
75.29020524024963,558.0,162.0,7800.0,-165.0,118.0,-11.0,26.65,895.07,1033.95,39.822443,32.659369,12,1088.1,True
75.34466743469238,558.0,162.0,7800.0,-165.0,118.0,-11.0,26.65,895.07,1033.95,39.822443,32.659369,12,1088.1,True
75.62102150917053,502.0,120.0,7750.0,-163.0,125.0,-18.0,26.65,895.06,1034.01,39.822443,32.659369,12,1088.1,True
75.65454888343811,502.0,120.0,7750.0,-163.0,125.0,-18.0,26.65,895.06,1034.01,39.822443,32.659369,12,1088.1,True
75.94826054573059,558.0,138.0,7792.0,-160.0,119.0,-8.0,26.65,895.06,1034.03,39.822443,32.659369,12,1088.1,True
75.97361922264099,558.0,138.0,7792.0,-160.0,119.0,-8.0,26.65,895.06,1034.03,39.822443,32.659369,12,1088.1,True
76.26515078544617,538.0,134.0,7754.0,-162.0,129.0,-9.0,26.65,895.07,1033.96,39.822443,32.65937,12,1088.1,True
76.29302048683167,538.0,134.0,7754.0,-162.0,129.0,-9.0,26.65,895.07,1033.96,39.822443,32.65937,12,1088.1,True
76.58733940124512,574.0,166.0,7796.0,-167.0,115.0,-12.0,26.65,895.06,1034.01,39.822443,32.65937,12,1088.2,True
76.62001371383667,574.0,166.0,7796.0,-167.0,115.0,-12.0,26.65,895.06,1034.01,39.822443,32.65937,12,1088.2,True
76.88531303405762,542.0,112.0,7716.0,-155.0,118.0,-13.0,26.65,895.07,1033.92,39.822443,32.65937,12,1088.2,True
76.95788979530334,542.0,112.0,7716.0,-155.0,118.0,-13.0,26.65,895.07,1033.92,39.822443,32.65937,12,1088.2,True
77.20458245277405,530.0,146.0,7750.0,-165.0,124.0,-13.0,26.65,895.08,1033.87,39.822443,32.65937,12,1088.2,True
77.2500228881836,530.0,146.0,7750.0,-165.0,124.0,-13.0,26.65,895.08,1033.87,39.822443,32.65937,12,1088.2,True
77.52447628974915,512.0,136.0,7754.0,-155.0,119.0,-14.0,26.66,895.08,1033.9,39.822444,32.659371,12,1088.4,True
77.58028364181519,512.0,136.0,7754.0,-155.0,119.0,-14.0,26.66,895.08,1033.9,39.822444,32.659371,12,1088.4,True
77.85976481437683,556.0,136.0,7774.0,-166.0,117.0,-11.0,26.66,895.09,1033.81,39.822444,32.659371,12,1088.4,True
77.89002966880798,556.0,136.0,7774.0,-166.0,117.0,-11.0,26.66,895.09,1033.81,39.822444,32.659371,12,1088.4,True
78.18109059333801,518.0,120.0,7696.0,-162.0,116.0,-15.0,26.65,895.08,1033.87,39.822444,32.659371,12,1088.4,True
78.20807003974915,518.0,120.0,7696.0,-162.0,116.0,-15.0,26.65,895.08,1033.87,39.822444,32.659371,12,1088.4,True
78.51170039176941,526.0,130.0,7636.0,-161.0,129.0,-17.0,26.65,895.08,1033.83,39.822445,32.659373,12,1088.5,True
78.5483467578888,526.0,130.0,7636.0,-161.0,129.0,-17.0,26.65,895.08,1033.83,39.822445,32.659373,12,1088.5,True
78.81548500061035,526.0,156.0,7762.0,-161.0,124.0,-4.0,26.66,895.08,1033.89,39.822445,32.659373,12,1088.5,True
78.8800323009491,526.0,156.0,7762.0,-161.0,124.0,-4.0,26.66,895.08,1033.89,39.822445,32.659373,12,1088.5,True
79.13038086891174,548.0,152.0,7744.0,-163.0,121.0,-5.0,26.66,895.08,1033.86,39.822445,32.659373,12,1088.5,True
79.18628001213074,548.0,152.0,7744.0,-163.0,121.0,-5.0,26.66,895.08,1033.86,39.822445,32.659373,12,1088.5,True
79.44540619850159,524.0,164.0,7750.0,-163.0,119.0,-13.0,26.65,895.07,1033.94,39.822445,32.659374,12,1088.6,True
79.50392031669617,524.0,164.0,7750.0,-163.0,119.0,-13.0,26.65,895.07,1033.94,39.822445,32.659374,12,1088.6,True
79.77749180793762,520.0,148.0,7750.0,-160.0,123.0,-17.0,26.66,895.07,1033.97,39.822445,32.659374,12,1088.6,True
79.80502605438232,520.0,148.0,7750.0,-160.0,123.0,-17.0,26.66,895.07,1033.97,39.822445,32.659374,12,1088.6,True
80.09515452384949,540.0,122.0,7774.0,-170.0,120.0,-8.0,26.66,895.08,1033.85,39.822445,32.659374,12,1088.6,True
80.14312863349915,540.0,122.0,7774.0,-170.0,120.0,-8.0,26.66,895.08,1033.85,39.822445,32.659374,12,1088.6,True
80.40300440788269,530.0,210.0,7796.0,-164.0,117.0,-13.0,26.66,895.07,1033.92,39.822446,32.659374,12,1088.6,True
80.44310569763184,530.0,210.0,7796.0,-164.0,117.0,-13.0,26.66,895.07,1033.92,39.822446,32.659374,12,1088.6,True
80.7161295413971,558.0,142.0,7752.0,-163.0,115.0,-6.0,26.66,895.08,1033.89,39.822446,32.659374,12,1088.6,True
80.7619297504425,558.0,142.0,7752.0,-163.0,115.0,-6.0,26.66,895.08,1033.89,39.822446,32.659374,12,1088.6,True
81.04513716697693,522.0,150.0,7780.0,-163.0,129.0,-15.0,26.66,895.07,1033.93,39.822446,32.659374,12,1088.6,True
81.08201169967651,522.0,150.0,7780.0,-163.0,129.0,-15.0,26.66,895.07,1033.93,39.822446,32.659374,12,1088.6,True
81.37515640258789,520.0,94.0,7754.0,-163.0,120.0,-16.0,26.66,895.08,1033.86,39.822447,32.659374,12,1088.6,True
81.40651392936707,520.0,94.0,7754.0,-163.0,120.0,-16.0,26.66,895.08,1033.86,39.822447,32.659374,12,1088.6,True
81.69237971305847,526.0,122.0,7768.0,-161.0,120.0,-13.0,26.66,895.08,1033.9,39.822447,32.659374,12,1088.6,True
81.72830772399902,526.0,122.0,7768.0,-161.0,120.0,-13.0,26.66,895.08,1033.9,39.822447,32.659374,12,1088.6,True
81.99360656738281,534.0,138.0,7752.0,-165.0,123.0,-13.0,26.66,895.07,1033.91,39.822447,32.659374,12,1088.6,True
82.03998184204102,534.0,138.0,7752.0,-165.0,123.0,-13.0,26.66,895.07,1033.91,39.822447,32.659374,12,1088.6,True
82.33316445350647,564.0,144.0,7812.0,-161.0,116.0,-22.0,26.66,895.09,1033.78,39.822448,32.659374,12,1088.6,True
82.3593270778656,564.0,144.0,7812.0,-161.0,116.0,-22.0,26.66,895.09,1033.78,39.822448,32.659374,12,1088.6,True
82.65468525886536,534.0,126.0,7804.0,-164.0,113.0,-7.0,26.66,895.09,1033.77,39.822448,32.659374,12,1088.5,True
82.67823004722595,534.0,126.0,7804.0,-164.0,113.0,-7.0,26.66,895.09,1033.77,39.822448,32.659374,12,1088.5,True
82.96833825111389,528.0,126.0,7778.0,-159.0,120.0,-15.0,26.66,895.08,1033.84,39.822448,32.659374,12,1088.5,True
82.99759459495544,528.0,126.0,7778.0,-159.0,120.0,-15.0,26.66,895.08,1033.84,39.822448,32.659374,12,1088.5,True
83.2860815525055,540.0,110.0,7778.0,-167.0,119.0,-14.0,26.66,895.08,1033.84,39.822448,32.659374,12,1088.5,True
83.3169264793396,540.0,110.0,7778.0,-167.0,119.0,-14.0,26.66,895.08,1033.84,39.822448,32.659374,12,1088.5,True
83.60957670211792,556.0,152.0,7748.0,-174.0,119.0,-13.0,26.66,895.09,1033.78,39.822449,32.659374,12,1088.5,True
83.64985680580139,556.0,152.0,7748.0,-174.0,119.0,-13.0,26.66,895.09,1033.78,39.822449,32.659374,12,1088.5,True
83.93119311332703,540.0,140.0,7696.0,-160.0,117.0,-16.0,26.66,895.09,1033.78,39.822449,32.659374,12,1088.5,True
83.96726608276367,540.0,140.0,7696.0,-160.0,117.0,-16.0,26.66,895.09,1033.78,39.822449,32.659374,12,1088.5,True
84.2514214515686,558.0,170.0,7794.0,-163.0,114.0,-8.0,26.66,895.08,1033.82,39.822449,32.659374,12,1088.5,True
84.28765964508057,558.0,170.0,7794.0,-163.0,114.0,-8.0,26.66,895.08,1033.82,39.822449,32.659374,12,1088.5,True
84.56872320175171,552.0,132.0,7812.0,-159.0,117.0,-10.0,26.66,895.08,1033.84,39.82245,32.659375,12,1088.6,True
84.6026542186737,552.0,132.0,7812.0,-159.0,117.0,-10.0,26.66,895.08,1033.84,39.82245,32.659375,12,1088.6,True
84.88797092437744,586.0,140.0,7734.0,-160.0,123.0,-7.0,26.66,895.09,1033.81,39.82245,32.659375,12,1088.6,True
84.93094515800476,586.0,140.0,7734.0,-160.0,123.0,-7.0,26.66,895.09,1033.81,39.82245,32.659375,12,1088.6,True
85.18534111976624,544.0,132.0,7816.0,-160.0,125.0,-3.0,26.66,895.09,1033.78,39.82245,32.659375,12,1088.6,True
85.2482635974884,544.0,132.0,7816.0,-160.0,125.0,-3.0,26.66,895.09,1033.78,39.82245,32.659375,12,1088.6,True
85.51235556602478,534.0,132.0,7752.0,-164.0,130.0,-17.0,26.66,895.09,1033.78,39.822451,32.659375,12,1088.5,True
85.5662009716034,534.0,132.0,7752.0,-164.0,130.0,-17.0,26.66,895.09,1033.78,39.822451,32.659375,12,1088.5,True
85.84290099143982,530.0,144.0,7780.0,-160.0,126.0,-18.0,26.66,895.09,1033.81,39.822451,32.659375,12,1088.5,True
85.87082433700562,530.0,144.0,7780.0,-160.0,126.0,-18.0,26.66,895.09,1033.81,39.822451,32.659375,12,1088.5,True
86.14356517791748,530.0,120.0,7770.0,-170.0,117.0,-15.0,26.66,895.09,1033.8,39.822451,32.659375,12,1088.5,True
86.18990921974182,530.0,120.0,7770.0,-170.0,117.0,-15.0,26.66,895.09,1033.8,39.822451,32.659375,12,1088.5,True
86.4625563621521,526.0,118.0,7774.0,-164.0,111.0,-10.0,26.66,895.09,1033.8,39.822452,32.659375,12,1088.6,True
86.50889682769775,526.0,118.0,7774.0,-164.0,111.0,-10.0,26.66,895.09,1033.8,39.822452,32.659375,12,1088.6,True
86.78197765350342,554.0,130.0,7756.0,-163.0,121.0,-17.0,26.66,895.08,1033.83,39.822452,32.659375,12,1088.6,True
86.84333491325378,554.0,130.0,7756.0,-163.0,121.0,-17.0,26.66,895.08,1033.83,39.822452,32.659375,12,1088.6,True
87.11753726005554,528.0,166.0,7786.0,-168.0,117.0,-6.0,26.66,895.1,1033.72,39.822452,32.659375,12,1088.6,True
87.16988968849182,528.0,166.0,7786.0,-168.0,117.0,-6.0,26.66,895.1,1033.72,39.822452,32.659375,12,1088.6,True
87.43954586982727,504.0,150.0,7798.0,-163.0,116.0,-19.0,26.66,895.08,1033.83,39.822453,32.659375,12,1088.5,True
87.46687293052673,504.0,150.0,7798.0,-163.0,116.0,-19.0,26.66,895.08,1033.83,39.822453,32.659375,12,1088.5,True
87.74044704437256,556.0,168.0,7808.0,-162.0,121.0,-12.0,26.66,895.09,1033.79,39.822453,32.659375,12,1088.5,True
87.78689312934875,556.0,168.0,7808.0,-162.0,121.0,-12.0,26.66,895.09,1033.79,39.822453,32.659375,12,1088.5,True
88.06020283699036,540.0,118.0,7766.0,-167.0,118.0,-14.0,26.66,895.1,1033.7,39.822453,32.659375,12,1088.5,True
88.10584211349487,540.0,118.0,7766.0,-167.0,118.0,-14.0,26.66,895.1,1033.7,39.822453,32.659375,12,1088.5,True
88.3787772655487,550.0,96.0,7692.0,-168.0,113.0,-17.0,26.66,895.09,1033.75,39.822455,32.659375,12,1088.5,True
88.42895603179932,550.0,96.0,7692.0,-168.0,113.0,-17.0,26.66,895.09,1033.75,39.822455,32.659375,12,1088.5,True
88.71037220954895,524.0,162.0,7798.0,-167.0,122.0,-16.0,26.66,895.09,1033.72,39.822455,32.659375,12,1088.5,True
88.74391436576843,524.0,162.0,7798.0,-167.0,122.0,-16.0,26.66,895.09,1033.72,39.822455,32.659375,12,1088.5,True
89.01951217651367,516.0,170.0,7766.0,-163.0,122.0,-14.0,26.66,895.08,1033.83,39.822455,32.659375,12,1088.5,True
89.07605051994324,516.0,170.0,7766.0,-163.0,122.0,-14.0,26.66,895.08,1033.83,39.822455,32.659375,12,1088.5,True
89.35183715820312,566.0,142.0,7800.0,-154.0,114.0,-13.0,26.66,895.08,1033.87,39.822456,32.659376,12,1088.5,True
89.38301515579224,566.0,142.0,7800.0,-154.0,114.0,-13.0,26.66,895.08,1033.87,39.822456,32.659376,12,1088.5,True
89.67462539672852,524.0,154.0,7776.0,-167.0,123.0,-14.0,26.66,895.07,1033.92,39.822456,32.659376,12,1088.5,True
89.71190285682678,524.0,154.0,7776.0,-167.0,123.0,-14.0,26.66,895.07,1033.92,39.822456,32.659376,12,1088.5,True
89.99480533599854,556.0,144.0,7758.0,-159.0,117.0,-10.0,26.66,895.08,1033.82,39.822456,32.659376,12,1088.5,True
90.02143001556396,556.0,144.0,7758.0,-159.0,117.0,-10.0,26.66,895.08,1033.82,39.822456,32.659376,12,1088.5,True
90.316091299057,534.0,150.0,7794.0,-160.0,121.0,-18.0,26.66,895.08,1033.83,39.822456,32.659376,12,1088.5,True
90.34070992469788,534.0,150.0,7794.0,-160.0,121.0,-18.0,26.66,895.08,1033.83,39.822456,32.659376,12,1088.5,True
90.63008880615234,528.0,148.0,7764.0,-164.0,117.0,-11.0,26.66,895.08,1033.86,39.822456,32.659376,12,1088.7,True
90.65973782539368,528.0,148.0,7764.0,-164.0,117.0,-11.0,26.66,895.08,1033.86,39.822456,32.659376,12,1088.7,True
90.95071339607239,530.0,152.0,7780.0,-161.0,113.0,-18.0,26.66,895.08,1033.83,39.822456,32.659376,12,1088.7,True
90.979647397995,530.0,152.0,7780.0,-161.0,113.0,-18.0,26.66,895.08,1033.83,39.822456,32.659376,12,1088.7,True
91.2627067565918,548.0,136.0,7788.0,-165.0,113.0,-17.0,26.66,895.09,1033.79,39.822456,32.659376,12,1088.7,True
91.29770112037659,548.0,136.0,7788.0,-165.0,113.0,-17.0,26.66,895.09,1033.79,39.822456,32.659376,12,1088.7,True
91.57083487510681,556.0,156.0,7768.0,-161.0,120.0,-18.0,26.66,895.08,1033.84,39.822457,32.659377,12,1088.8,True
91.6224136352539,556.0,156.0,7768.0,-161.0,120.0,-18.0,26.66,895.08,1033.84,39.822457,32.659377,12,1088.8,True
91.88998484611511,544.0,156.0,7770.0,-165.0,116.0,-13.0,26.66,895.08,1033.89,39.822457,32.659377,12,1088.8,True
91.93669438362122,544.0,156.0,7770.0,-165.0,116.0,-13.0,26.66,895.08,1033.89,39.822457,32.659377,12,1088.8,True
92.20943403244019,526.0,108.0,7764.0,-158.0,118.0,-14.0,26.66,895.07,1033.96,39.822457,32.659377,12,1088.8,True
92.25565338134766,526.0,108.0,7764.0,-158.0,118.0,-14.0,26.66,895.07,1033.96,39.822457,32.659377,12,1088.8,True
92.54892754554749,536.0,140.0,7740.0,-162.0,127.0,-8.0,26.66,895.07,1033.92,39.822458,32.659377,12,1089.0,True
92.59479331970215,536.0,140.0,7740.0,-162.0,127.0,-8.0,26.66,895.07,1033.92,39.822458,32.659377,12,1089.0,True
92.86403632164001,528.0,146.0,7748.0,-161.0,123.0,-8.0,26.66,895.08,1033.9,39.822458,32.659377,12,1089.0,True
92.89449644088745,528.0,146.0,7748.0,-161.0,123.0,-8.0,26.66,895.08,1033.9,39.822458,32.659377,12,1089.0,True
93.16900134086609,498.0,140.0,7698.0,-166.0,116.0,-10.0,26.66,895.08,1033.83,39.822458,32.659377,12,1089.0,True
93.21363544464111,498.0,140.0,7698.0,-166.0,116.0,-10.0,26.66,895.08,1033.83,39.822458,32.659377,12,1089.0,True
93.48636198043823,522.0,144.0,7748.0,-161.0,125.0,-5.0,26.66,895.09,1033.78,39.822459,32.659378,12,1089.1,True
93.532541513443,522.0,144.0,7748.0,-161.0,125.0,-5.0,26.66,895.09,1033.78,39.822459,32.659378,12,1089.1,True
93.80580759048462,526.0,144.0,7752.0,-163.0,115.0,-10.0,26.66,895.09,1033.8,39.822459,32.659378,12,1089.1,True
93.85261464118958,526.0,144.0,7752.0,-163.0,115.0,-10.0,26.66,895.09,1033.8,39.822459,32.659378,12,1089.1,True
94.12631058692932,570.0,158.0,7724.0,-157.0,122.0,-16.0,26.66,895.09,1033.81,39.82246,32.659377,12,1089.1,True
94.17738080024719,570.0,158.0,7724.0,-157.0,122.0,-16.0,26.66,895.09,1033.81,39.82246,32.659377,12,1089.1,True
94.46639895439148,550.0,136.0,7752.0,-160.0,122.0,-20.0,26.66,895.08,1033.87,39.82246,32.659377,12,1089.2,True
94.51142859458923,550.0,136.0,7752.0,-160.0,122.0,-20.0,26.66,895.08,1033.87,39.82246,32.659377,12,1089.2,True
94.7936840057373,532.0,136.0,7744.0,-156.0,130.0,-14.0,26.66,895.08,1033.86,39.82246,32.659377,12,1089.2,True
94.81956887245178,532.0,136.0,7744.0,-156.0,130.0,-14.0,26.66,895.08,1033.86,39.82246,32.659377,12,1089.2,True
95.10440611839294,548.0,140.0,7734.0,-161.0,115.0,-13.0,26.66,895.08,1033.88,39.82246,32.659377,12,1089.2,True
95.14736700057983,548.0,140.0,7734.0,-161.0,115.0,-13.0,26.66,895.08,1033.88,39.82246,32.659377,12,1089.2,True
95.41853451728821,554.0,156.0,7802.0,-160.0,112.0,-6.0,26.66,895.08,1033.87,39.822461,32.659377,12,1089.2,True
95.46882152557373,554.0,156.0,7802.0,-160.0,112.0,-6.0,26.66,895.08,1033.87,39.822461,32.659377,12,1089.2,True
95.72156929969788,546.0,174.0,7766.0,-158.0,123.0,-19.0,26.66,895.08,1033.82,39.822461,32.659377,12,1089.2,True
95.77849555015564,546.0,174.0,7766.0,-158.0,123.0,-19.0,26.66,895.08,1033.82,39.822461,32.659377,12,1089.2,True
96.04163694381714,528.0,108.0,7746.0,-167.0,116.0,-5.0,26.66,895.08,1033.89,39.822461,32.659377,12,1089.2,True
96.08646249771118,528.0,108.0,7746.0,-167.0,116.0,-5.0,26.66,895.08,1033.89,39.822461,32.659377,12,1089.2,True
96.35975098609924,534.0,124.0,7762.0,-159.0,119.0,-4.0,26.66,895.08,1033.89,39.822462,32.659377,12,1089.2,True
96.4108476638794,534.0,124.0,7762.0,-159.0,119.0,-4.0,26.66,895.08,1033.89,39.822462,32.659377,12,1089.2,True
96.68520140647888,540.0,132.0,7744.0,-165.0,121.0,-13.0,26.66,895.08,1033.9,39.822462,32.659377,12,1089.2,True
96.7273211479187,540.0,132.0,7744.0,-165.0,121.0,-13.0,26.66,895.08,1033.9,39.822462,32.659377,12,1089.2,True
97.01058316230774,554.0,144.0,7750.0,-167.0,120.0,-9.0,26.66,895.08,1033.84,39.822462,32.659377,12,1089.2,True
97.04494619369507,554.0,144.0,7750.0,-167.0,120.0,-9.0,26.66,895.08,1033.84,39.822462,32.659377,12,1089.2,True
97.34393239021301,552.0,134.0,7794.0,-168.0,118.0,-17.0,26.66,895.08,1033.86,39.822463,32.659377,12,1089.3,True
97.38215661048889,552.0,134.0,7794.0,-168.0,118.0,-17.0,26.66,895.08,1033.86,39.822463,32.659377,12,1089.3,True
97.64071917533875,528.0,138.0,7798.0,-163.0,118.0,-5.0,26.66,895.08,1033.9,39.822463,32.659377,12,1089.3,True
97.70477080345154,528.0,138.0,7798.0,-163.0,118.0,-5.0,26.66,895.08,1033.9,39.822463,32.659377,12,1089.3,True
97.95854163169861,536.0,134.0,7804.0,-165.0,123.0,-15.0,26.66,895.08,1033.88,39.822463,32.659376,12,1089.3,True
98.00252079963684,536.0,134.0,7804.0,-165.0,123.0,-15.0,26.66,895.08,1033.88,39.822463,32.659376,12,1089.3,True
98.27522301673889,556.0,166.0,7778.0,-163.0,119.0,-10.0,26.66,895.08,1033.84,39.822463,32.659376,12,1089.3,True
98.33756446838379,556.0,166.0,7778.0,-163.0,119.0,-10.0,26.66,895.08,1033.84,39.822463,32.659376,12,1089.3,True
98.61073017120361,544.0,128.0,7778.0,-165.0,120.0,-17.0,26.66,895.09,1033.8,39.822463,32.659376,12,1089.3,True
98.64148354530334,544.0,128.0,7778.0,-165.0,120.0,-17.0,26.66,895.09,1033.8,39.822463,32.659376,12,1089.3,True
98.92478442192078,536.0,126.0,7746.0,-171.0,122.0,-10.0,26.66,895.09,1033.81,39.822465,32.659375,12,1089.3,True
98.97300362586975,536.0,126.0,7746.0,-171.0,122.0,-10.0,26.66,895.09,1033.81,39.822465,32.659375,12,1089.3,True
99.23427820205688,542.0,138.0,7750.0,-169.0,125.0,-13.0,26.66,895.09,1033.76,39.822465,32.659375,12,1089.1,True
99.30040144920349,542.0,138.0,7750.0,-169.0,125.0,-13.0,26.66,895.09,1033.76,39.822465,32.659375,12,1089.1,True
99.55315279960632,526.0,140.0,7780.0,-161.0,126.0,-14.0,26.66,895.08,1033.87,39.822465,32.659375,12,1089.1,True
99.59952688217163,526.0,140.0,7780.0,-161.0,126.0,-14.0,26.66,895.08,1033.87,39.822465,32.659375,12,1089.1,True
99.8760633468628,552.0,128.0,7752.0,-161.0,119.0,-13.0,26.66,895.09,1033.8,39.822465,32.659374,12,1089.1,True
99.93108177185059,552.0,128.0,7752.0,-161.0,119.0,-13.0,26.66,895.09,1033.8,39.822465,32.659374,12,1089.1,True
100.20099902153015,546.0,104.0,7744.0,-157.0,119.0,-8.0,26.66,895.08,1033.87,39.822465,32.659374,12,1089.1,True
100.23816442489624,546.0,104.0,7744.0,-157.0,119.0,-8.0,26.66,895.08,1033.87,39.822465,32.659374,12,1089.1,True
100.53119015693665,540.0,116.0,7784.0,-169.0,116.0,-8.0,26.66,895.08,1033.89,39.822465,32.659374,12,1089.1,True
100.55691266059875,540.0,116.0,7784.0,-169.0,116.0,-8.0,26.66,895.08,1033.89,39.822465,32.659374,12,1089.1,True
100.855477809906,524.0,130.0,7796.0,-165.0,122.0,-16.0,26.66,895.08,1033.85,39.822465,32.659373,12,1089.1,True
100.88641405105591,524.0,130.0,7796.0,-165.0,122.0,-16.0,26.66,895.08,1033.85,39.822465,32.659373,12,1089.1,True
101.16464161872864,546.0,138.0,7776.0,-162.0,125.0,-17.0,26.66,895.09,1033.81,39.822465,32.659373,12,1088.9,True
101.2085793018341,546.0,138.0,7776.0,-162.0,125.0,-17.0,26.66,895.09,1033.81,39.822465,32.659373,12,1088.9,True
101.46784114837646,532.0,138.0,7774.0,-170.0,118.0,-18.0,26.66,895.08,1033.82,39.822465,32.659373,12,1088.9,True
101.53436851501465,532.0,138.0,7774.0,-170.0,118.0,-18.0,26.66,895.08,1033.82,39.822465,32.659373,12,1088.9,True
101.78796768188477,548.0,150.0,7790.0,-162.0,119.0,-20.0,26.66,895.07,1033.92,39.822465,32.659373,12,1088.9,True
101.83785343170166,548.0,150.0,7790.0,-162.0,119.0,-20.0,26.66,895.07,1033.92,39.822465,32.659373,12,1088.9,True
102.10638904571533,536.0,148.0,7730.0,-168.0,116.0,-10.0,26.66,895.07,1033.91,39.822465,32.659373,12,1088.9,True
102.16857433319092,536.0,148.0,7730.0,-168.0,116.0,-10.0,26.66,895.07,1033.91,39.822465,32.659373,12,1088.9,True
102.43373537063599,564.0,176.0,7780.0,-169.0,118.0,-17.0,26.66,895.08,1033.87,39.822465,32.659373,12,1088.9,True
102.4724669456482,564.0,176.0,7780.0,-169.0,118.0,-17.0,26.66,895.08,1033.87,39.822465,32.659373,12,1088.9,True
102.7603030204773,534.0,146.0,7754.0,-163.0,118.0,-11.0,26.66,895.07,1033.91,39.822465,32.659373,12,1088.9,True
102.79197955131531,534.0,146.0,7754.0,-163.0,118.0,-11.0,26.66,895.07,1033.91,39.822465,32.659373,12,1088.9,True
103.08433413505554,528.0,128.0,7756.0,-163.0,125.0,-9.0,26.66,895.08,1033.84,39.822466,32.659372,12,1088.7,True
103.1120994091034,528.0,128.0,7756.0,-163.0,125.0,-9.0,26.66,895.08,1033.84,39.822466,32.659372,12,1088.7,True
103.40427374839783,528.0,150.0,7750.0,-164.0,120.0,-14.0,26.66,895.07,1033.92,39.822466,32.659372,12,1088.7,True
103.43513131141663,528.0,150.0,7750.0,-164.0,120.0,-14.0,26.66,895.07,1033.92,39.822466,32.659372,12,1088.7,True
103.72185063362122,546.0,138.0,7772.0,-168.0,124.0,-14.0,26.66,895.08,1033.89,39.822466,32.659372,12,1088.7,True
103.76764369010925,546.0,138.0,7772.0,-168.0,124.0,-14.0,26.66,895.08,1033.89,39.822466,32.659372,12,1088.7,True
104.040367603302,530.0,150.0,7752.0,-159.0,117.0,-11.0,26.66,895.07,1033.91,39.822467,32.659371,12,1088.5,True
104.08758473396301,530.0,150.0,7752.0,-159.0,117.0,-11.0,26.66,895.07,1033.91,39.822467,32.659371,12,1088.5,True
104.34259748458862,540.0,140.0,7780.0,-164.0,127.0,-13.0,26.66,895.07,1033.97,39.822467,32.659371,12,1088.5,True
104.38888502120972,540.0,140.0,7780.0,-164.0,127.0,-13.0,26.66,895.07,1033.97,39.822467,32.659371,12,1088.5,True
104.66052865982056,534.0,150.0,7788.0,-159.0,117.0,-12.0,26.66,895.08,1033.86,39.822467,32.659371,12,1088.5,True
104.72278499603271,534.0,150.0,7788.0,-159.0,117.0,-12.0,26.66,895.08,1033.86,39.822467,32.659371,12,1088.5,True
104.98727416992188,524.0,146.0,7750.0,-169.0,123.0,-19.0,26.66,895.08,1033.89,39.822467,32.659371,12,1088.4,True
105.02634620666504,524.0,146.0,7750.0,-169.0,123.0,-19.0,26.66,895.08,1033.89,39.822467,32.659371,12,1088.4,True
105.31512260437012,538.0,140.0,7718.0,-166.0,120.0,-15.0,26.66,895.08,1033.89,39.822467,32.659371,12,1088.4,True
105.34683108329773,538.0,140.0,7718.0,-166.0,120.0,-15.0,26.66,895.08,1033.89,39.822467,32.659371,12,1088.4,True
105.63657736778259,532.0,144.0,7776.0,-160.0,125.0,-14.0,26.66,895.1,1033.7,39.822467,32.659371,12,1088.4,True
105.66563534736633,532.0,144.0,7776.0,-160.0,125.0,-14.0,26.66,895.1,1033.7,39.822467,32.659371,12,1088.4,True
105.9601080417633,520.0,156.0,7800.0,-161.0,119.0,-18.0,26.66,895.09,1033.78,39.822468,32.659372,12,1088.2,True
105.98520708084106,520.0,156.0,7800.0,-161.0,119.0,-18.0,26.66,895.09,1033.78,39.822468,32.659372,12,1088.2,True
106.27489280700684,538.0,152.0,7772.0,-169.0,122.0,-15.0,26.66,895.09,1033.81,39.822468,32.659372,12,1088.2,True
106.31055283546448,538.0,152.0,7772.0,-169.0,122.0,-15.0,26.66,895.09,1033.81,39.822468,32.659372,12,1088.2,True
106.59482002258301,522.0,114.0,7780.0,-173.0,121.0,-20.0,26.66,895.09,1033.77,39.822468,32.659372,12,1088.2,True
106.63493490219116,522.0,114.0,7780.0,-173.0,121.0,-20.0,26.66,895.09,1033.77,39.822468,32.659372,12,1088.2,True
106.9074113368988,556.0,120.0,7796.0,-169.0,123.0,-6.0,26.66,895.1,1033.66,39.822469,32.659372,12,1088.2,True
106.95773029327393,556.0,120.0,7796.0,-169.0,123.0,-6.0,26.66,895.1,1033.66,39.822469,32.659372,12,1088.2,True
107.22129154205322,536.0,136.0,7768.0,-164.0,128.0,-11.0,26.66,895.1,1033.69,39.822469,32.659372,12,1088.2,True
107.27837800979614,536.0,136.0,7768.0,-164.0,128.0,-11.0,26.66,895.1,1033.69,39.822469,32.659372,12,1088.2,True
107.55475807189941,478.0,120.0,7856.0,-131.0,142.0,725.0,26.66,895.1,1033.69,39.822469,32.659372,12,1088.2,True
107.59912753105164,478.0,120.0,7856.0,-131.0,142.0,725.0,26.66,895.1,1033.69,39.822469,32.659372,12,1088.2,True
107.85347890853882,492.0,144.0,7738.0,-124.0,135.0,850.0,26.66,895.1,1033.72,39.822469,32.659373,12,1088.2,True
107.90025568008423,492.0,144.0,7738.0,-124.0,135.0,850.0,26.66,895.1,1033.72,39.822469,32.659373,12,1088.2,True
108.18644499778748,544.0,140.0,7752.0,-127.0,135.0,849.0,26.66,895.09,1033.78,39.822469,32.659373,12,1088.1,True
108.21943879127502,544.0,140.0,7752.0,-127.0,135.0,849.0,26.66,895.09,1033.78,39.822469,32.659373,12,1088.1,True
108.51243710517883,520.0,102.0,7752.0,-127.0,132.0,701.0,26.66,895.09,1033.74,39.822469,32.659373,12,1088.1,True
108.53921461105347,520.0,102.0,7752.0,-127.0,132.0,701.0,26.66,895.09,1033.74,39.822469,32.659373,12,1088.1,True
108.82777333259583,492.0,112.0,7780.0,-120.0,112.0,946.0,26.66,895.1,1033.72,39.82247,32.659373,12,1088.1,True
108.85725855827332,492.0,112.0,7780.0,-120.0,112.0,946.0,26.66,895.1,1033.72,39.82247,32.659373,12,1088.1,True
109.1472499370575,574.0,34.0,7736.0,-98.0,144.0,1398.0,26.66,895.09,1033.77,39.82247,32.659373,12,1088.1,True
109.18509459495544,574.0,34.0,7736.0,-98.0,144.0,1398.0,26.66,895.09,1033.77,39.82247,32.659373,12,1088.1,True
109.46371650695801,586.0,154.0,7580.0,-128.0,139.0,743.0,26.66,895.08,1033.82,39.82247,32.659373,12,1088.1,True
109.51677584648132,586.0,154.0,7580.0,-128.0,139.0,743.0,26.66,895.08,1033.82,39.82247,32.659373,12,1088.1,True
109.76467609405518,548.0,2.0,7862.0,-133.0,140.0,598.0,26.66,895.08,1033.82,39.82247,32.659373,12,1088.1,True
109.8099684715271,548.0,2.0,7862.0,-133.0,140.0,598.0,26.66,895.08,1033.82,39.82247,32.659373,12,1088.1,True
110.08483743667603,496.0,148.0,7814.0,-131.0,130.0,653.0,26.66,895.1,1033.69,39.82247,32.659372,12,1088.1,True
110.13654804229736,496.0,148.0,7814.0,-131.0,130.0,653.0,26.66,895.1,1033.69,39.82247,32.659372,12,1088.1,True
110.41385555267334,546.0,106.0,7748.0,-165.0,117.0,21.0,26.66,895.09,1033.77,39.82247,32.659372,12,1088.1,True
110.44966697692871,546.0,106.0,7748.0,-165.0,117.0,21.0,26.66,895.09,1033.77,39.82247,32.659372,12,1088.1,True
110.74211311340332,542.0,64.0,7738.0,-160.0,75.0,-31.0,26.66,895.08,1033.86,39.82247,32.659372,12,1088.1,True
110.77602577209473,542.0,64.0,7738.0,-160.0,75.0,-31.0,26.66,895.08,1033.86,39.82247,32.659372,12,1088.1,True
111.03953289985657,554.0,98.0,7754.0,-164.0,114.0,-12.0,26.66,895.08,1033.87,39.82247,32.659373,12,1088.1,True
111.0967583656311,554.0,98.0,7754.0,-164.0,114.0,-12.0,26.66,895.08,1033.87,39.82247,32.659373,12,1088.1,True
111.35000801086426,564.0,82.0,7740.0,-164.0,116.0,-3.0,26.66,895.08,1033.86,39.82247,32.659373,12,1088.1,True
111.39600419998169,564.0,82.0,7740.0,-164.0,116.0,-3.0,26.66,895.08,1033.86,39.82247,32.659373,12,1088.1,True
111.67028141021729,576.0,62.0,7782.0,-167.0,118.0,-16.0,26.67,895.08,1033.84,39.82247,32.659373,12,1088.1,True
111.73274254798889,576.0,62.0,7782.0,-167.0,118.0,-16.0,26.67,895.08,1033.84,39.82247,32.659373,12,1088.1,True
111.99783301353455,580.0,92.0,7768.0,-164.0,112.0,-13.0,26.67,895.09,1033.8,39.822469,32.659373,12,1088.1,True
112.03439998626709,580.0,92.0,7768.0,-164.0,112.0,-13.0,26.67,895.09,1033.8,39.822469,32.659373,12,1088.1,True
112.32633948326111,546.0,130.0,7790.0,-166.0,116.0,-14.0,26.67,895.08,1033.82,39.822469,32.659373,12,1088.1,True
112.35412263870239,546.0,130.0,7790.0,-166.0,116.0,-14.0,26.67,895.08,1033.82,39.822469,32.659373,12,1088.1,True
112.6526267528534,564.0,114.0,7774.0,-166.0,122.0,-15.0,26.67,895.08,1033.89,39.822469,32.659373,12,1088.1,True
112.68920969963074,564.0,114.0,7774.0,-166.0,122.0,-15.0,26.67,895.08,1033.89,39.822469,32.659373,12,1088.1,True
112.94585490226746,522.0,158.0,7728.0,-206.0,112.0,-796.0,26.67,895.08,1033.86,39.822469,32.659373,12,1088.3,True
113.011403799057,522.0,158.0,7728.0,-206.0,112.0,-796.0,26.67,895.08,1033.86,39.822469,32.659373,12,1088.3,True
113.2764630317688,630.0,6.0,7680.0,-225.0,586.0,-1237.0,26.67,895.08,1033.9,39.822469,32.659373,12,1088.3,True
113.33358836174011,630.0,6.0,7680.0,-225.0,586.0,-1237.0,26.67,895.08,1033.9,39.822469,32.659373,12,1088.3,True
113.61093664169312,494.0,104.0,7672.0,-200.0,213.0,-1226.0,26.67,895.09,1033.81,39.822469,32.659373,12,1088.3,True
113.65619659423828,494.0,104.0,7672.0,-200.0,213.0,-1226.0,26.67,895.09,1033.81,39.822469,32.659373,12,1088.3,True
113.92012882232666,318.0,188.0,7726.0,-195.0,83.0,-1142.0,26.67,895.08,1033.84,39.822468,32.659372,12,1088.0,True
113.96612119674683,318.0,188.0,7726.0,-195.0,83.0,-1142.0,26.67,895.08,1033.84,39.822468,32.659372,12,1088.0,True
114.24379372596741,-28.0,220.0,7858.0,-165.0,122.0,-1145.0,26.67,895.09,1033.79,39.822468,32.659372,12,1088.0,True
114.30713081359863,-28.0,220.0,7858.0,-165.0,122.0,-1145.0,26.67,895.09,1033.79,39.822468,32.659372,12,1088.0,True
114.5848035812378,-30.0,242.0,7796.0,-172.0,86.0,-837.0,26.67,895.09,1033.77,39.822468,32.659372,12,1088.0,True
114.61005520820618,-30.0,242.0,7796.0,-172.0,86.0,-837.0,26.67,895.09,1033.77,39.822468,32.659372,12,1088.0,True
114.89643692970276,136.0,90.0,7702.0,-161.0,99.0,-792.0,26.67,895.09,1033.76,39.822468,32.659372,12,1088.0,True
114.94488835334778,136.0,90.0,7702.0,-161.0,99.0,-792.0,26.67,895.09,1033.76,39.822468,32.659372,12,1088.0,True
115.20396161079407,142.0,118.0,7790.0,-163.0,95.0,-12.0,26.67,895.1,1033.72,39.822468,32.659372,12,1088.0,True
115.2480251789093,142.0,118.0,7790.0,-163.0,95.0,-12.0,26.67,895.1,1033.72,39.822468,32.659372,12,1088.0,True
115.5215072631836,146.0,144.0,7780.0,-162.0,130.0,-18.0,26.67,895.09,1033.78,39.822468,32.659372,12,1088.0,True
115.58301854133606,146.0,144.0,7780.0,-162.0,130.0,-18.0,26.67,895.09,1033.78,39.822468,32.659372,12,1088.0,True
115.86070561408997,142.0,112.0,7746.0,-166.0,116.0,-12.0,26.67,895.09,1033.78,39.822468,32.65937,12,1088.0,True
115.88715505599976,142.0,112.0,7746.0,-166.0,116.0,-12.0,26.67,895.09,1033.78,39.822468,32.65937,12,1088.0,True
116.18245697021484,1426.0,-322.0,6598.0,-173.0,98.0,345.0,26.67,895.09,1033.76,39.822468,32.65937,12,1087.9,True
116.22179174423218,1426.0,-322.0,6598.0,-173.0,98.0,345.0,26.67,895.09,1033.76,39.822468,32.65937,12,1087.9,True
116.48360204696655,172.0,136.0,7794.0,-164.0,114.0,-16.0,26.67,895.09,1033.78,39.822468,32.65937,12,1087.9,True
116.54214334487915,172.0,136.0,7794.0,-164.0,114.0,-16.0,26.67,895.09,1033.78,39.822468,32.65937,12,1087.9,True
116.79875326156616,206.0,144.0,7794.0,-168.0,127.0,-11.0,26.67,895.09,1033.75,39.822468,32.659369,12,1087.9,True
116.8450722694397,206.0,144.0,7794.0,-168.0,127.0,-11.0,26.67,895.09,1033.75,39.822468,32.659369,12,1087.9,True
117.11253118515015,208.0,124.0,7794.0,-171.0,118.0,-16.0,26.67,895.08,1033.86,39.822468,32.659369,12,1088.0,True
117.16248679161072,208.0,124.0,7794.0,-171.0,118.0,-16.0,26.67,895.08,1033.86,39.822468,32.659369,12,1088.0,True
117.43099856376648,202.0,120.0,7766.0,-162.0,120.0,-14.0,26.67,895.07,1033.95,39.822468,32.659369,12,1088.0,True
117.49151754379272,202.0,120.0,7766.0,-162.0,120.0,-14.0,26.67,895.07,1033.95,39.822468,32.659369,12,1088.0,True
117.7595489025116,196.0,128.0,7746.0,-160.0,123.0,-10.0,26.67,895.08,1033.85,39.822468,32.659369,12,1088.0,True
117.79968357086182,196.0,128.0,7746.0,-160.0,123.0,-10.0,26.67,895.08,1033.85,39.822468,32.659369,12,1088.0,True
118.08602333068848,224.0,132.0,7790.0,-158.0,114.0,-13.0,26.67,895.08,1033.84,39.822468,32.659369,12,1088.2,True
118.11637234687805,224.0,132.0,7790.0,-158.0,114.0,-13.0,26.67,895.08,1033.84,39.822468,32.659369,12,1088.2,True
118.40747380256653,226.0,124.0,7790.0,-165.0,127.0,-8.0,26.67,895.08,1033.83,39.822468,32.659369,12,1088.2,True
118.43587183952332,226.0,124.0,7790.0,-165.0,127.0,-8.0,26.67,895.08,1033.83,39.822468,32.659369,12,1088.2,True
118.72951865196228,208.0,146.0,7798.0,-167.0,112.0,-20.0,26.67,895.09,1033.73,39.822468,32.659369,12,1088.2,True
118.7623860836029,208.0,146.0,7798.0,-167.0,112.0,-20.0,26.67,895.09,1033.73,39.822468,32.659369,12,1088.2,True
119.02740287780762,228.0,104.0,7792.0,-157.0,120.0,-12.0,26.67,895.09,1033.77,39.822466,32.659371,12,1088.4,True
119.08666062355042,228.0,104.0,7792.0,-157.0,120.0,-12.0,26.67,895.09,1033.77,39.822466,32.659371,12,1088.4,True
119.34721755981445,208.0,128.0,7786.0,-165.0,125.0,-5.0,26.67,895.08,1033.87,39.822466,32.659371,12,1088.4,True
119.39284157752991,208.0,128.0,7786.0,-165.0,125.0,-5.0,26.67,895.08,1033.87,39.822466,32.659371,12,1088.4,True
119.6726143360138,186.0,122.0,7752.0,-152.0,183.0,-7.0,26.67,895.09,1033.8,39.822466,32.659371,12,1088.4,True
119.71285343170166,186.0,122.0,7752.0,-152.0,183.0,-7.0,26.67,895.09,1033.8,39.822466,32.659371,12,1088.4,True
120.00078272819519,24.0,148.0,7824.0,17.0,261.0,-5.0,26.68,895.08,1033.89,39.822466,32.65937,12,1088.5,True
120.02895474433899,24.0,148.0,7824.0,17.0,261.0,-5.0,26.68,895.08,1033.89,39.822466,32.65937,12,1088.5,True
120.2836332321167,-54.0,784.0,7540.0,868.0,261.0,28.0,26.68,895.09,1033.78,39.822466,32.65937,12,1088.5,True
120.34850406646729,-54.0,784.0,7540.0,868.0,261.0,28.0,26.68,895.09,1033.78,39.822466,32.65937,12,1088.5,True
120.60858249664307,-202.0,1286.0,8018.0,805.0,79.0,-127.0,26.68,895.09,1033.73,39.822466,32.65937,12,1088.5,True
120.65505647659302,-202.0,1286.0,8018.0,805.0,79.0,-127.0,26.68,895.09,1033.73,39.822466,32.65937,12,1088.5,True
120.94720435142517,-224.0,1972.0,7586.0,1028.0,180.0,-96.0,26.68,895.08,1033.82,39.822465,32.65937,12,1088.5,True
120.97964572906494,-224.0,1972.0,7586.0,1028.0,180.0,-96.0,26.68,895.08,1033.82,39.822465,32.65937,12,1088.5,True
121.28270149230957,-142.0,2974.0,7038.0,855.0,216.0,-155.0,26.68,895.08,1033.88,39.822465,32.65937,12,1088.4,True
121.31677913665771,-142.0,2974.0,7038.0,855.0,216.0,-155.0,26.68,895.08,1033.88,39.822465,32.65937,12,1088.4,True
121.5816581249237,-306.0,3492.0,7030.0,613.0,167.0,-59.0,26.67,895.08,1033.82,39.822465,32.65937,12,1088.4,True
121.63752222061157,-306.0,3492.0,7030.0,613.0,167.0,-59.0,26.67,895.08,1033.82,39.822465,32.65937,12,1088.4,True
121.90695285797119,-490.0,3968.0,6716.0,241.0,215.0,-47.0,26.67,895.09,1033.8,39.822465,32.65937,12,1088.4,True
121.95391821861267,-490.0,3968.0,6716.0,241.0,215.0,-47.0,26.67,895.09,1033.8,39.822465,32.65937,12,1088.4,True
122.24869298934937,-392.0,3922.0,6696.0,-189.0,122.0,-10.0,26.67,895.08,1033.87,39.822465,32.65937,12,1088.4,True
122.28329873085022,-392.0,3922.0,6696.0,-189.0,122.0,-10.0,26.67,895.08,1033.87,39.822465,32.65937,12,1088.4,True
122.57698583602905,-444.0,3976.0,6650.0,-219.0,127.0,-26.0,26.67,895.09,1033.74,39.822465,32.65937,12,1088.4,True
122.60717940330505,-444.0,3976.0,6650.0,-219.0,127.0,-26.0,26.67,895.09,1033.74,39.822465,32.65937,12,1088.4,True
122.90797829627991,-494.0,4030.0,6780.0,-183.0,129.0,-39.0,26.67,895.08,1033.82,39.822465,32.659371,12,1088.4,True
122.95092010498047,-494.0,4030.0,6780.0,-183.0,129.0,-39.0,26.67,895.08,1033.82,39.822465,32.659371,12,1088.4,True
123.24239873886108,-524.0,4022.0,6738.0,-228.0,135.0,-26.0,26.67,895.08,1033.82,39.822465,32.659371,12,1088.6,True
123.28286576271057,-524.0,4022.0,6738.0,-228.0,135.0,-26.0,26.67,895.08,1033.82,39.822465,32.659371,12,1088.6,True
123.54086542129517,-526.0,4040.0,6684.0,-127.0,106.0,-1.0,26.67,895.09,1033.81,39.822465,32.659371,12,1088.6,True
123.6025378704071,-526.0,4040.0,6684.0,-127.0,106.0,-1.0,26.67,895.09,1033.81,39.822465,32.659371,12,1088.6,True
123.87178921699524,-552.0,4062.0,6604.0,-173.0,99.0,21.0,26.67,895.07,1033.95,39.822465,32.659371,12,1088.6,True
123.91705131530762,-552.0,4062.0,6604.0,-173.0,99.0,21.0,26.67,895.07,1033.95,39.822465,32.659371,12,1088.6,True
124.18395376205444,-538.0,3908.0,6750.0,-716.0,-50.0,87.0,26.68,895.08,1033.88,39.822461,32.659371,12,1088.4,True
124.2299599647522,-538.0,3908.0,6750.0,-716.0,-50.0,87.0,26.68,895.08,1033.88,39.822461,32.659371,12,1088.4,True
124.51285552978516,-292.0,3324.0,6854.0,-1542.0,-110.0,114.0,26.68,895.08,1033.86,39.822461,32.659371,12,1088.4,True
124.57471036911011,-292.0,3324.0,6854.0,-1542.0,-110.0,114.0,26.68,895.08,1033.86,39.822461,32.659371,12,1088.4,True
124.85677719116211,-210.0,2282.0,7436.0,-1946.0,39.0,28.0,26.68,895.07,1033.93,39.822461,32.659371,12,1088.4,True
124.88679885864258,-210.0,2282.0,7436.0,-1946.0,39.0,28.0,26.68,895.07,1033.93,39.822461,32.659371,12,1088.4,True
125.16174483299255,-242.0,1028.0,7668.0,-1599.0,208.0,88.0,26.68,895.08,1033.82,39.822459,32.659373,12,1088.4,True
125.2294065952301,-242.0,1028.0,7668.0,-1599.0,208.0,88.0,26.68,895.08,1033.82,39.822459,32.659373,12,1088.4,True
125.48188924789429,48.0,162.0,7754.0,-209.0,-36.0,20.0,26.68,895.07,1033.92,39.822459,32.659373,12,1088.4,True
125.5277087688446,48.0,162.0,7754.0,-209.0,-36.0,20.0,26.68,895.07,1033.92,39.822459,32.659373,12,1088.4,True
125.81702494621277,18.0,106.0,7824.0,-163.0,92.0,-11.0,26.68,895.06,1034.07,39.822459,32.659373,12,1088.4,True
125.8431875705719,18.0,106.0,7824.0,-163.0,92.0,-11.0,26.68,895.06,1034.07,39.822459,32.659373,12,1088.4,True
126.12623143196106,36.0,124.0,7748.0,-165.0,102.0,-1.0,26.68,895.06,1034.04,39.822456,32.659374,12,1088.3,True
126.17360925674438,36.0,124.0,7748.0,-165.0,102.0,-1.0,26.68,895.06,1034.04,39.822456,32.659374,12,1088.3,True
126.44052362442017,46.0,140.0,7724.0,-164.0,116.0,-14.0,26.68,895.06,1034.02,39.822456,32.659374,12,1088.3,True
126.4969129562378,46.0,140.0,7724.0,-164.0,116.0,-14.0,26.68,895.06,1034.02,39.822456,32.659374,12,1088.3,True
126.74861407279968,64.0,154.0,7794.0,-168.0,120.0,-12.0,26.68,895.07,1033.93,39.822456,32.659374,12,1088.3,True
126.80131101608276,64.0,154.0,7794.0,-168.0,120.0,-12.0,26.68,895.07,1033.93,39.822456,32.659374,12,1088.3,True
127.0809497833252,40.0,144.0,7800.0,-165.0,118.0,-20.0,26.68,895.08,1033.86,39.822456,32.659374,12,1088.3,True
127.11415958404541,40.0,144.0,7800.0,-165.0,118.0,-20.0,26.68,895.08,1033.86,39.822456,32.659374,12,1088.3,True
127.39993834495544,42.0,146.0,7772.0,-161.0,119.0,-8.0,26.68,895.08,1033.9,39.822456,32.659374,12,1088.3,True
127.44462871551514,42.0,146.0,7772.0,-161.0,119.0,-8.0,26.68,895.08,1033.9,39.822456,32.659374,12,1088.3,True
127.70408010482788,40.0,152.0,7754.0,-164.0,110.0,-13.0,26.68,895.08,1033.84,39.822456,32.659374,12,1088.3,True
127.76073360443115,40.0,152.0,7754.0,-164.0,110.0,-13.0,26.68,895.08,1033.84,39.822456,32.659374,12,1088.3,True
128.0145242214203,70.0,164.0,7768.0,-170.0,-12.0,-19.0,26.68,895.08,1033.85,39.822454,32.659374,12,1088.3,True
128.0607647895813,70.0,164.0,7768.0,-170.0,-12.0,-19.0,26.68,895.08,1033.85,39.822454,32.659374,12,1088.3,True
128.3435366153717,172.0,144.0,7796.0,-169.0,104.0,-4.0,26.68,895.08,1033.88,39.822454,32.659374,12,1088.2,True
128.38125586509705,172.0,144.0,7796.0,-169.0,104.0,-4.0,26.68,895.08,1033.88,39.822454,32.659374,12,1088.2,True
128.67328691482544,174.0,130.0,7784.0,-166.0,117.0,-14.0,26.68,895.08,1033.89,39.822454,32.659374,12,1088.2,True
128.7087106704712,174.0,130.0,7784.0,-166.0,117.0,-14.0,26.68,895.08,1033.89,39.822454,32.659374,12,1088.2,True
128.97330927848816,140.0,132.0,7764.0,-159.0,120.0,-18.0,26.68,895.07,1033.96,39.822455,32.659373,12,1088.2,True
129.03810667991638,140.0,132.0,7764.0,-159.0,120.0,-18.0,26.68,895.07,1033.96,39.822455,32.659373,12,1088.2,True
129.29173040390015,128.0,144.0,7774.0,-171.0,120.0,-12.0,26.68,895.07,1033.97,39.822455,32.659373,12,1088.0,True
129.3378119468689,128.0,144.0,7774.0,-171.0,120.0,-12.0,26.68,895.07,1033.97,39.822455,32.659373,12,1088.0,True
129.6195945739746,138.0,154.0,7732.0,-160.0,116.0,-15.0,26.68,895.07,1033.94,39.822455,32.659373,12,1088.0,True
129.65735936164856,138.0,154.0,7732.0,-160.0,116.0,-15.0,26.68,895.07,1033.94,39.822455,32.659373,12,1088.0,True
129.9533133506775,108.0,-110.0,7918.0,-144.0,273.0,288.0,26.68,895.08,1033.91,39.822455,32.659372,12,1088.0,True
129.97713708877563,108.0,-110.0,7918.0,-144.0,273.0,288.0,26.68,895.08,1033.91,39.822455,32.659372,12,1088.0,True
130.26083898544312,-112.0,656.0,7936.0,371.0,847.0,136.0,26.68,895.08,1033.83,39.822455,32.659372,12,1087.8,True
130.30714392662048,-112.0,656.0,7936.0,371.0,847.0,136.0,26.68,895.08,1033.83,39.822455,32.659372,12,1087.8,True
130.5785608291626,-976.0,366.0,7698.0,-204.0,1586.0,-156.0,26.68,895.09,1033.77,39.822455,32.659372,12,1087.8,True
130.65036582946777,-976.0,366.0,7698.0,-204.0,1586.0,-156.0,26.68,895.09,1033.77,39.822455,32.659372,12,1087.8,True
130.9049711227417,-2190.0,258.0,7480.0,53.0,475.0,294.0,26.68,895.09,1033.78,39.822456,32.659371,12,1087.8,True
130.94973158836365,-2190.0,258.0,7480.0,53.0,475.0,294.0,26.68,895.09,1033.78,39.822456,32.659371,12,1087.8,True
131.24410676956177,-2484.0,320.0,7308.0,-349.0,1143.0,54.0,26.68,895.07,1033.93,39.822456,32.659371,12,1087.8,True
131.28015160560608,-2484.0,320.0,7308.0,-349.0,1143.0,54.0,26.68,895.07,1033.93,39.822456,32.659371,12,1087.8,True
131.58135080337524,-3512.0,256.0,6772.0,-176.0,1769.0,38.0,26.68,895.06,1034.0,39.822456,32.659371,12,1087.8,True
131.61111187934875,-3512.0,256.0,6772.0,-176.0,1769.0,38.0,26.68,895.06,1034.0,39.822456,32.659371,12,1087.8,True
131.90997433662415,-4672.0,160.0,6126.0,-185.0,1288.0,-16.0,26.68,895.06,1034.0,39.822456,32.659371,12,1087.8,True
131.96009612083435,-4672.0,160.0,6126.0,-185.0,1288.0,-16.0,26.68,895.06,1034.0,39.822456,32.659371,12,1087.8,True
132.21715116500854,-5072.0,122.0,5874.0,-216.0,195.0,26.0,26.68,895.07,1033.97,39.822456,32.65937,12,1087.7,True
132.2637321949005,-5072.0,122.0,5874.0,-216.0,195.0,26.0,26.68,895.07,1033.97,39.822456,32.65937,12,1087.7,True
132.5470314025879,-5040.0,162.0,5914.0,-192.0,77.0,31.0,26.68,895.07,1033.96,39.822456,32.65937,12,1087.7,True
132.58325695991516,-5040.0,162.0,5914.0,-192.0,77.0,31.0,26.68,895.07,1033.96,39.822456,32.65937,12,1087.7,True
132.86579179763794,-4920.0,184.0,5948.0,-111.0,77.0,23.0,26.69,895.08,1033.86,39.822456,32.65937,12,1087.7,True
132.9148871898651,-4920.0,184.0,5948.0,-111.0,77.0,23.0,26.69,895.08,1033.86,39.822456,32.65937,12,1087.7,True
133.19312453269958,-4848.0,298.0,5936.0,-151.0,-1040.0,77.0,26.69,895.09,1033.75,39.822457,32.659369,12,1087.7,True
133.24326610565186,-4848.0,298.0,5936.0,-151.0,-1040.0,77.0,26.69,895.09,1033.75,39.822457,32.659369,12,1087.7,True
133.51045989990234,-3074.0,646.0,7148.0,1239.0,-2912.0,331.0,26.69,895.09,1033.79,39.822457,32.659369,12,1087.7,True
133.5570468902588,-3074.0,646.0,7148.0,1239.0,-2912.0,331.0,26.69,895.09,1033.79,39.822457,32.659369,12,1087.7,True
133.8515133857727,-1912.0,634.0,7482.0,-63.0,-2137.0,-122.0,26.69,895.08,1033.84,39.822457,32.659369,12,1087.7,True
133.88722968101501,-1912.0,634.0,7482.0,-63.0,-2137.0,-122.0,26.69,895.08,1033.84,39.822457,32.659369,12,1087.7,True
134.17667722702026,436.0,944.0,7750.0,111.0,-4667.0,343.0,26.69,895.08,1033.88,39.822457,32.659368,12,1087.7,True
134.22887420654297,436.0,944.0,7750.0,111.0,-4667.0,343.0,26.69,895.08,1033.88,39.822457,32.659368,12,1087.7,True
134.49454951286316,2742.0,1640.0,7370.0,-15.0,-1818.0,-264.0,26.69,895.07,1033.98,39.822457,32.659368,12,1087.7,True
134.54100894927979,2742.0,1640.0,7370.0,-15.0,-1818.0,-264.0,26.69,895.07,1033.98,39.822457,32.659368,12,1087.7,True
134.82455277442932,4174.0,1624.0,6330.0,-613.0,-2874.0,604.0,26.69,895.07,1033.98,39.822457,32.659368,12,1087.7,True
134.8873474597931,4174.0,1624.0,6330.0,-613.0,-2874.0,604.0,26.69,895.07,1033.98,39.822457,32.659368,12,1087.7,True
135.17306065559387,5104.0,1290.0,6442.0,-248.0,-914.0,294.0,26.69,895.07,1033.97,39.822459,32.659368,12,1087.7,True
135.20956778526306,5104.0,1290.0,6442.0,-248.0,-914.0,294.0,26.69,895.07,1033.97,39.822459,32.659368,12,1087.7,True
135.4918336868286,5806.0,1330.0,5326.0,-272.0,-503.0,233.0,26.69,895.06,1034.03,39.822459,32.659368,12,1087.7,True
135.5485074520111,5806.0,1330.0,5326.0,-272.0,-503.0,233.0,26.69,895.06,1034.03,39.822459,32.659368,12,1087.7,True
135.80263662338257,5854.0,1332.0,5196.0,-137.0,-6.0,18.0,26.69,895.07,1033.98,39.822459,32.659368,12,1087.7,True
135.84956288337708,5854.0,1332.0,5196.0,-137.0,-6.0,18.0,26.69,895.07,1033.98,39.822459,32.659368,12,1087.7,True
136.1294388771057,5818.0,1290.0,5286.0,-205.0,416.0,64.0,26.69,895.07,1033.98,39.822459,32.659368,12,1087.6,True
136.16953372955322,5818.0,1290.0,5286.0,-205.0,416.0,64.0,26.69,895.07,1033.98,39.822459,32.659368,12,1087.6,True
136.47529578208923,5434.0,1048.0,5486.0,-787.0,1758.0,670.0,26.69,895.07,1034.0,39.822459,32.659368,12,1087.6,True
136.51166582107544,5434.0,1048.0,5486.0,-787.0,1758.0,670.0,26.69,895.07,1034.0,39.822459,32.659368,12,1087.6,True
136.78667497634888,3750.0,450.0,6218.0,-1416.0,4047.0,-754.0,26.68,895.06,1034.07,39.822459,32.659368,12,1087.6,True
136.8458411693573,3750.0,450.0,6218.0,-1416.0,4047.0,-754.0,26.68,895.06,1034.07,39.822459,32.659368,12,1087.6,True
137.11121678352356,1336.0,92.0,8020.0,-540.0,5588.0,-650.0,26.69,895.06,1034.04,39.822459,32.659366,12,1087.5,True
137.1617889404297,1336.0,92.0,8020.0,-540.0,5588.0,-650.0,26.69,895.06,1034.04,39.822459,32.659366,12,1087.5,True
137.4471161365509,180.0,176.0,7800.0,-154.0,241.0,0.0,26.69,895.06,1034.05,39.822459,32.659366,12,1087.5,True
137.47283148765564,180.0,176.0,7800.0,-154.0,241.0,0.0,26.69,895.06,1034.05,39.822459,32.659366,12,1087.5,True
137.7692060470581,176.0,116.0,7752.0,-172.0,98.0,-14.0,26.69,895.06,1034.01,39.822459,32.659366,12,1087.5,True
137.8005986213684,176.0,116.0,7752.0,-172.0,98.0,-14.0,26.69,895.06,1034.01,39.822459,32.659366,12,1087.5,True
138.06443810462952,172.0,136.0,7738.0,-149.0,136.0,-14.0,26.69,895.07,1033.99,39.822458,32.659365,12,1087.5,True
138.11603140830994,172.0,136.0,7738.0,-149.0,136.0,-14.0,26.69,895.07,1033.99,39.822458,32.659365,12,1087.5,True
138.39959120750427,192.0,122.0,7808.0,-170.0,76.0,-10.0,26.69,895.08,1033.89,39.822458,32.659365,12,1087.4,True
138.42975068092346,192.0,122.0,7808.0,-170.0,76.0,-10.0,26.69,895.08,1033.89,39.822458,32.659365,12,1087.4,True
138.72420382499695,204.0,160.0,7792.0,-156.0,127.0,-17.0,26.69,895.07,1033.95,39.822458,32.659365,12,1087.4,True
138.76836681365967,204.0,160.0,7792.0,-156.0,127.0,-17.0,26.69,895.07,1033.95,39.822458,32.659365,12,1087.4,True
139.0261492729187,142.0,82.0,7778.0,-150.0,182.0,-651.0,26.69,895.08,1033.9,39.822457,32.659365,12,1087.4,True
139.08810782432556,142.0,82.0,7778.0,-150.0,182.0,-651.0,26.69,895.08,1033.9,39.822457,32.659365,12,1087.4,True
139.34682035446167,114.0,288.0,7816.0,-185.0,79.0,561.0,26.69,895.07,1033.93,39.822457,32.659365,12,1087.5,True
139.3873610496521,114.0,288.0,7816.0,-185.0,79.0,561.0,26.69,895.07,1033.93,39.822457,32.659365,12,1087.5,True
139.67590618133545,206.0,158.0,7796.0,-168.0,113.0,-8.0,26.69,895.07,1033.94,39.822457,32.659365,12,1087.5,True
139.71145939826965,206.0,158.0,7796.0,-168.0,113.0,-8.0,26.69,895.07,1033.94,39.822457,32.659365,12,1087.5,True
139.97917532920837,218.0,114.0,7740.0,-167.0,116.0,-14.0,26.69,895.07,1033.98,39.822457,32.659364,12,1087.5,True
140.0425844192505,218.0,114.0,7740.0,-167.0,116.0,-14.0,26.69,895.07,1033.98,39.822457,32.659364,12,1087.5,True
140.29900741577148,198.0,120.0,7796.0,-160.0,117.0,-7.0,26.69,895.07,1033.93,39.822457,32.659364,12,1087.4,True
140.34862852096558,198.0,120.0,7796.0,-160.0,117.0,-7.0,26.69,895.07,1033.93,39.822457,32.659364,12,1087.4,True
140.6312279701233,230.0,142.0,7780.0,-169.0,115.0,-10.0,26.69,895.07,1033.97,39.822457,32.659364,12,1087.4,True
140.6647505760193,230.0,142.0,7780.0,-169.0,115.0,-10.0,26.69,895.07,1033.97,39.822457,32.659364,12,1087.4,True
140.9611005783081,226.0,110.0,7778.0,-159.0,109.0,-18.0,26.69,895.06,1034.02,39.822457,32.659364,12,1087.4,True
140.98342752456665,226.0,110.0,7778.0,-159.0,109.0,-18.0,26.69,895.06,1034.02,39.822457,32.659364,12,1087.4,True
141.28522610664368,206.0,144.0,7744.0,-169.0,116.0,-15.0,26.69,895.06,1034.04,39.822458,32.659362,12,1087.3,True
141.32741975784302,206.0,144.0,7744.0,-169.0,116.0,-15.0,26.69,895.06,1034.04,39.822458,32.659362,12,1087.3,True
141.59286236763,202.0,126.0,7800.0,-161.0,116.0,-16.0,26.69,895.07,1033.96,39.822458,32.659362,12,1087.3,True
141.6378743648529,202.0,126.0,7800.0,-161.0,116.0,-16.0,26.69,895.07,1033.96,39.822458,32.659362,12,1087.3,True
141.8949329853058,208.0,142.0,7736.0,-163.0,122.0,-14.0,26.69,895.08,1033.89,39.822458,32.659362,12,1087.3,True
141.9463827610016,208.0,142.0,7736.0,-163.0,122.0,-14.0,26.69,895.08,1033.89,39.822458,32.659362,12,1087.3,True
142.22407865524292,194.0,118.0,7748.0,-158.0,114.0,-12.0,26.69,895.07,1033.98,39.822458,32.659362,12,1087.3,True
142.2619321346283,194.0,118.0,7748.0,-158.0,114.0,-12.0,26.69,895.07,1033.98,39.822458,32.659362,12,1087.3,True
142.55646538734436,212.0,136.0,7788.0,-163.0,113.0,-10.0,26.69,895.07,1033.99,39.822458,32.659362,12,1087.3,True
142.58220219612122,212.0,136.0,7788.0,-163.0,113.0,-10.0,26.69,895.07,1033.99,39.822458,32.659362,12,1087.3,True
142.8650417327881,212.0,140.0,7768.0,-167.0,121.0,-13.0,26.69,895.07,1033.97,39.822458,32.659362,12,1087.3,True
142.91395235061646,212.0,140.0,7768.0,-167.0,121.0,-13.0,26.69,895.07,1033.97,39.822458,32.659362,12,1087.3,True
143.1870186328888,184.0,128.0,7732.0,-167.0,113.0,-15.0,26.69,895.06,1034.01,39.822458,32.659361,12,1087.1,True
143.2380509376526,184.0,128.0,7732.0,-167.0,113.0,-15.0,26.69,895.06,1034.01,39.822458,32.659361,12,1087.1,True
143.5080270767212,208.0,132.0,7804.0,-165.0,118.0,-16.0,26.69,895.06,1034.05,39.822458,32.659361,12,1087.1,True
143.55283856391907,208.0,132.0,7804.0,-165.0,118.0,-16.0,26.69,895.06,1034.05,39.822458,32.659361,12,1087.1,True
143.81093978881836,190.0,96.0,7756.0,-166.0,122.0,-20.0,26.69,895.06,1034.05,39.822458,32.659361,12,1087.1,True
143.85861253738403,190.0,96.0,7756.0,-166.0,122.0,-20.0,26.69,895.06,1034.05,39.822458,32.659361,12,1087.1,True
144.13932585716248,228.0,132.0,7776.0,-157.0,120.0,-9.0,26.69,895.06,1034.05,39.822458,32.65936,12,1086.9,True
144.1777057647705,228.0,132.0,7776.0,-157.0,120.0,-9.0,26.69,895.06,1034.05,39.822458,32.65936,12,1086.9,True
144.47186160087585,240.0,134.0,7818.0,-160.0,120.0,-18.0,26.69,895.06,1034.06,39.822458,32.65936,12,1086.9,True
144.51126766204834,240.0,134.0,7818.0,-160.0,120.0,-18.0,26.69,895.06,1034.06,39.822458,32.65936,12,1086.9,True
144.76880264282227,202.0,154.0,7726.0,-170.0,121.0,-16.0,26.7,895.07,1033.98,39.822458,32.65936,12,1086.9,True
144.8294870853424,202.0,154.0,7726.0,-170.0,121.0,-16.0,26.7,895.07,1033.98,39.822458,32.65936,12,1086.9,True
145.08827710151672,198.0,128.0,7774.0,-162.0,123.0,-13.0,26.7,895.06,1034.05,39.822459,32.659359,12,1086.8,True
145.13433527946472,198.0,128.0,7774.0,-162.0,123.0,-13.0,26.7,895.06,1034.05,39.822459,32.659359,12,1086.8,True
145.4184169769287,212.0,140.0,7742.0,-158.0,118.0,-11.0,26.7,895.07,1033.96,39.822459,32.659359,12,1086.8,True
145.45452857017517,212.0,140.0,7742.0,-158.0,118.0,-11.0,26.7,895.07,1033.96,39.822459,32.659359,12,1086.8,True
145.74187088012695,212.0,130.0,7732.0,-162.0,117.0,-7.0,26.7,895.07,1033.99,39.822459,32.659359,12,1086.8,True
145.77785086631775,212.0,130.0,7732.0,-162.0,117.0,-7.0,26.7,895.07,1033.99,39.822459,32.659359,12,1086.8,True
146.06178283691406,218.0,188.0,7744.0,-165.0,123.0,-13.0,26.7,895.06,1034.01,39.822461,32.65936,12,1086.8,True
146.1145236492157,218.0,188.0,7744.0,-165.0,123.0,-13.0,26.7,895.06,1034.01,39.822461,32.65936,12,1086.8,True
146.3806529045105,208.0,126.0,7798.0,-168.0,116.0,-18.0,26.7,895.06,1034.05,39.822461,32.65936,12,1086.8,True
146.4292712211609,208.0,126.0,7798.0,-168.0,116.0,-18.0,26.7,895.06,1034.05,39.822461,32.65936,12,1086.8,True
146.6941967010498,228.0,144.0,7798.0,-166.0,122.0,-10.0,26.7,895.06,1034.07,39.822461,32.65936,12,1086.8,True
146.73125553131104,228.0,144.0,7798.0,-166.0,122.0,-10.0,26.7,895.06,1034.07,39.822461,32.65936,12,1086.8,True
147.02389931678772,214.0,136.0,7732.0,-161.0,124.0,-14.0,26.7,895.06,1034.03,39.822462,32.65936,12,1086.8,True
147.06098628044128,214.0,136.0,7732.0,-161.0,124.0,-14.0,26.7,895.06,1034.03,39.822462,32.65936,12,1086.8,True
147.34328627586365,204.0,142.0,7752.0,-163.0,115.0,-9.0,26.7,895.08,1033.9,39.822462,32.65936,12,1086.8,True
147.38493037223816,204.0,142.0,7752.0,-163.0,115.0,-9.0,26.7,895.08,1033.9,39.822462,32.65936,12,1086.8,True
147.65015196800232,198.0,90.0,7762.0,-171.0,119.0,-7.0,26.7,895.07,1033.92,39.822462,32.65936,12,1086.8,True
147.6947853565216,198.0,90.0,7762.0,-171.0,119.0,-7.0,26.7,895.07,1033.92,39.822462,32.65936,12,1086.8,True
147.9562690258026,196.0,138.0,7794.0,-173.0,118.0,-12.0,26.69,895.07,1033.92,39.822462,32.65936,12,1086.8,True
148.00223875045776,196.0,138.0,7794.0,-173.0,118.0,-12.0,26.69,895.07,1033.92,39.822462,32.65936,12,1086.8,True
148.28974509239197,186.0,132.0,7820.0,-155.0,123.0,-9.0,26.69,895.06,1034.0,39.822462,32.65936,12,1086.6,True
148.32114791870117,186.0,132.0,7820.0,-155.0,123.0,-9.0,26.69,895.06,1034.0,39.822462,32.65936,12,1086.6,True
148.59393119812012,194.0,136.0,7720.0,-165.0,124.0,-9.0,26.7,895.07,1033.93,39.822462,32.65936,12,1086.6,True
148.65207743644714,194.0,136.0,7720.0,-165.0,124.0,-9.0,26.7,895.07,1033.93,39.822462,32.65936,12,1086.6,True
148.91366291046143,210.0,118.0,7758.0,-159.0,117.0,-15.0,26.7,895.06,1034.02,39.822462,32.65936,12,1086.6,True
148.96219444274902,210.0,118.0,7758.0,-159.0,117.0,-15.0,26.7,895.06,1034.02,39.822462,32.65936,12,1086.6,True
149.25001668930054,218.0,128.0,7796.0,-159.0,123.0,-17.0,26.7,895.07,1034.0,39.822462,32.65936,12,1086.5,True
149.2796185016632,218.0,128.0,7796.0,-159.0,123.0,-17.0,26.7,895.07,1034.0,39.822462,32.65936,12,1086.5,True
149.57109379768372,210.0,110.0,7818.0,-157.0,124.0,-9.0,26.7,895.06,1034.05,39.822462,32.65936,12,1086.5,True
149.62078142166138,210.0,110.0,7818.0,-157.0,124.0,-9.0,26.7,895.06,1034.05,39.822462,32.65936,12,1086.5,True
149.87376832962036,216.0,124.0,7776.0,-162.0,121.0,-14.0,26.7,895.06,1034.01,39.822462,32.65936,12,1086.5,True
149.9408097267151,216.0,124.0,7776.0,-162.0,121.0,-14.0,26.7,895.06,1034.01,39.822462,32.65936,12,1086.5,True
150.19082522392273,218.0,112.0,7766.0,-156.0,122.0,-4.0,26.7,895.07,1033.93,39.822461,32.65936,12,1086.5,True
150.2398509979248,218.0,112.0,7766.0,-156.0,122.0,-4.0,26.7,895.07,1033.93,39.822461,32.65936,12,1086.5,True
150.51878237724304,224.0,144.0,7770.0,-166.0,112.0,-18.0,26.69,895.07,1033.97,39.822461,32.65936,12,1086.5,True
150.55733346939087,224.0,144.0,7770.0,-166.0,112.0,-18.0,26.69,895.07,1033.97,39.822461,32.65936,12,1086.5,True
150.85112380981445,222.0,112.0,7792.0,-162.0,115.0,-13.0,26.69,895.07,1033.99,39.822461,32.65936,12,1086.5,True
150.88819932937622,222.0,112.0,7792.0,-162.0,115.0,-13.0,26.69,895.07,1033.99,39.822461,32.65936,12,1086.5,True
151.14810299873352,218.0,136.0,7766.0,-157.0,122.0,-12.0,26.69,895.07,1033.96,39.82246,32.659361,12,1086.4,True
151.20631408691406,218.0,136.0,7766.0,-157.0,122.0,-12.0,26.69,895.07,1033.96,39.82246,32.659361,12,1086.4,True
151.46814441680908,192.0,132.0,7796.0,-167.0,127.0,-16.0,26.69,895.07,1033.96,39.82246,32.659361,12,1086.4,True
151.51902222633362,192.0,132.0,7796.0,-167.0,127.0,-16.0,26.69,895.07,1033.96,39.82246,32.659361,12,1086.4,True
151.799578666687,226.0,138.0,7746.0,-165.0,118.0,-10.0,26.69,895.07,1033.96,39.82246,32.659361,12,1086.4,True
151.83361840248108,226.0,138.0,7746.0,-165.0,118.0,-10.0,26.69,895.07,1033.96,39.82246,32.659361,12,1086.4,True
152.12670469284058,222.0,168.0,7742.0,-162.0,117.0,-11.0,26.7,895.07,1033.96,39.82246,32.659361,12,1086.4,True
152.1521716117859,222.0,168.0,7742.0,-162.0,117.0,-11.0,26.7,895.07,1033.96,39.82246,32.659361,12,1086.4,True
152.4438705444336,236.0,122.0,7762.0,-171.0,121.0,-9.0,26.7,895.07,1033.95,39.82246,32.659361,12,1086.4,True
152.4859001636505,236.0,122.0,7762.0,-171.0,121.0,-9.0,26.7,895.07,1033.95,39.82246,32.659361,12,1086.4,True
152.74468302726746,196.0,142.0,7772.0,-165.0,114.0,-9.0,26.7,895.06,1034.03,39.82246,32.659361,12,1086.4,True
152.81209588050842,196.0,142.0,7772.0,-165.0,114.0,-9.0,26.7,895.06,1034.03,39.82246,32.659361,12,1086.4,True
153.0649425983429,224.0,122.0,7820.0,-164.0,118.0,-15.0,26.7,895.06,1034.01,39.82246,32.659361,12,1086.4,True
153.11786675453186,224.0,122.0,7820.0,-164.0,118.0,-15.0,26.7,895.06,1034.01,39.82246,32.659361,12,1086.4,True
153.40389204025269,208.0,122.0,7760.0,-163.0,114.0,-12.0,26.7,895.07,1033.97,39.82246,32.659361,12,1086.2,True
153.43119883537292,208.0,122.0,7760.0,-163.0,114.0,-12.0,26.7,895.07,1033.97,39.82246,32.659361,12,1086.2,True
153.73007106781006,212.0,130.0,7794.0,-160.0,122.0,-21.0,26.7,895.06,1034.06,39.82246,32.659361,12,1086.2,True
153.7690351009369,212.0,130.0,7794.0,-160.0,122.0,-21.0,26.7,895.06,1034.06,39.82246,32.659361,12,1086.2,True
154.02227973937988,208.0,144.0,7770.0,-161.0,122.0,-11.0,26.7,895.06,1034.06,39.82246,32.659361,12,1086.2,True
154.07324266433716,208.0,144.0,7770.0,-161.0,122.0,-11.0,26.7,895.06,1034.06,39.82246,32.659361,12,1086.2,True
154.3497703075409,216.0,142.0,7822.0,-163.0,122.0,-11.0,26.7,895.07,1033.94,39.82246,32.65936,12,1086.0,True
154.388676404953,216.0,142.0,7822.0,-163.0,122.0,-11.0,26.7,895.07,1033.94,39.82246,32.65936,12,1086.0,True
154.677161693573,228.0,116.0,7774.0,-159.0,118.0,-14.0,26.7,895.07,1033.96,39.82246,32.65936,12,1086.0,True
154.71530842781067,228.0,116.0,7774.0,-159.0,118.0,-14.0,26.7,895.07,1033.96,39.82246,32.65936,12,1086.0,True
154.99959301948547,160.0,112.0,7782.0,-159.0,122.0,-17.0,26.7,895.07,1033.96,39.82246,32.65936,12,1086.0,True
155.0407133102417,160.0,112.0,7782.0,-159.0,122.0,-17.0,26.7,895.07,1033.96,39.82246,32.65936,12,1086.0,True
155.30742478370667,190.0,118.0,7804.0,-164.0,117.0,0.0,26.7,895.08,1033.89,39.822459,32.65936,12,1085.9,True
155.35626220703125,190.0,118.0,7804.0,-164.0,117.0,0.0,26.7,895.08,1033.89,39.822459,32.65936,12,1085.9,True
155.6148326396942,196.0,164.0,7728.0,-164.0,123.0,-17.0,26.7,895.07,1033.93,39.822459,32.65936,12,1085.9,True
155.67722940444946,196.0,164.0,7728.0,-164.0,123.0,-17.0,26.7,895.07,1033.93,39.822459,32.65936,12,1085.9,True
155.94664907455444,220.0,140.0,7742.0,-162.0,120.0,-10.0,26.7,895.07,1033.96,39.822459,32.65936,12,1085.9,True
155.99148607254028,220.0,140.0,7742.0,-162.0,120.0,-10.0,26.7,895.07,1033.96,39.822459,32.65936,12,1085.9,True
156.25639963150024,224.0,130.0,7754.0,-167.0,118.0,-14.0,26.7,895.06,1034.02,39.822459,32.65936,12,1085.8,True
156.31470322608948,224.0,130.0,7754.0,-167.0,118.0,-14.0,26.7,895.06,1034.02,39.822459,32.65936,12,1085.8,True
156.57382082939148,226.0,134.0,7776.0,-163.0,118.0,-14.0,26.7,895.08,1033.9,39.822459,32.65936,12,1085.8,True
156.63615465164185,226.0,134.0,7776.0,-163.0,118.0,-14.0,26.7,895.08,1033.9,39.822459,32.65936,12,1085.8,True
156.90587830543518,188.0,140.0,7780.0,-157.0,120.0,-13.0,26.7,895.08,1033.83,39.822459,32.65936,12,1085.8,True
156.93596959114075,188.0,140.0,7780.0,-157.0,120.0,-13.0,26.7,895.08,1033.83,39.822459,32.65936,12,1085.8,True
157.22549390792847,222.0,124.0,7812.0,-158.0,116.0,-15.0,26.7,895.07,1033.94,39.82246,32.65936,12,1085.9,True
157.2755205631256,222.0,124.0,7812.0,-158.0,116.0,-15.0,26.7,895.07,1033.94,39.82246,32.65936,12,1085.9,True
157.52910804748535,202.0,166.0,7764.0,-163.0,113.0,-13.0,26.7,895.07,1033.96,39.82246,32.65936,12,1085.9,True
157.5948748588562,202.0,166.0,7764.0,-163.0,113.0,-13.0,26.7,895.07,1033.96,39.82246,32.65936,12,1085.9,True
157.8475751876831,212.0,146.0,7774.0,-162.0,119.0,-13.0,26.7,895.07,1033.96,39.82246,32.65936,12,1085.9,True
157.896488904953,212.0,146.0,7774.0,-162.0,119.0,-13.0,26.7,895.07,1033.96,39.82246,32.65936,12,1085.9,True
158.17656254768372,208.0,118.0,7774.0,-159.0,119.0,-15.0,26.7,895.07,1033.91,39.822459,32.65936,12,1085.9,True
158.2134974002838,208.0,118.0,7774.0,-159.0,119.0,-15.0,26.7,895.07,1033.91,39.822459,32.65936,12,1085.9,True
158.50944209098816,212.0,142.0,7726.0,-160.0,120.0,-14.0,26.7,895.08,1033.86,39.822459,32.65936,12,1085.9,True
158.5411672592163,212.0,142.0,7726.0,-160.0,120.0,-14.0,26.7,895.08,1033.86,39.822459,32.65936,12,1085.9,True
158.81751942634583,190.0,118.0,7786.0,-155.0,126.0,-9.0,26.7,895.08,1033.86,39.822459,32.65936,12,1085.9,True
158.8697853088379,190.0,118.0,7786.0,-155.0,126.0,-9.0,26.7,895.08,1033.86,39.822459,32.65936,12,1085.9,True
159.14137172698975,208.0,96.0,7770.0,-161.0,124.0,-12.0,26.7,895.07,1033.92,39.822459,32.65936,12,1086.0,True
159.18538856506348,208.0,96.0,7770.0,-161.0,124.0,-12.0,26.7,895.07,1033.92,39.822459,32.65936,12,1086.0,True
159.4523904323578,216.0,166.0,7760.0,-170.0,120.0,-15.0,26.7,895.07,1033.99,39.822459,32.65936,12,1086.0,True
159.49107265472412,216.0,166.0,7760.0,-170.0,120.0,-15.0,26.7,895.07,1033.99,39.822459,32.65936,12,1086.0,True
159.78457498550415,234.0,124.0,7820.0,-158.0,116.0,-12.0,26.7,895.07,1033.99,39.822459,32.65936,12,1086.0,True
159.82524943351746,234.0,124.0,7820.0,-158.0,116.0,-12.0,26.7,895.07,1033.99,39.822459,32.65936,12,1086.0,True
160.09695863723755,200.0,102.0,7810.0,-155.0,122.0,-10.0,26.7,895.07,1033.93,39.822458,32.65936,12,1086.0,True
160.14824295043945,200.0,102.0,7810.0,-155.0,122.0,-10.0,26.7,895.07,1033.93,39.822458,32.65936,12,1086.0,True
160.40568161010742,196.0,124.0,7740.0,-165.0,119.0,-12.0,26.7,895.08,1033.88,39.822458,32.65936,12,1086.0,True
160.46270489692688,196.0,124.0,7740.0,-165.0,119.0,-12.0,26.7,895.08,1033.88,39.822458,32.65936,12,1086.0,True
160.73893213272095,204.0,126.0,7816.0,-162.0,118.0,-11.0,26.7,895.07,1033.98,39.822458,32.65936,12,1086.0,True
160.76693725585938,204.0,126.0,7816.0,-162.0,118.0,-11.0,26.7,895.07,1033.98,39.822458,32.65936,12,1086.0,True
161.05684161186218,222.0,130.0,7792.0,-160.0,121.0,-14.0,26.7,895.07,1033.95,39.822459,32.65936,12,1086.0,True
161.09908437728882,222.0,130.0,7792.0,-160.0,121.0,-14.0,26.7,895.07,1033.95,39.822459,32.65936,12,1086.0,True
161.3713824748993,218.0,150.0,7732.0,-166.0,116.0,-13.0,26.7,895.07,1033.99,39.822459,32.65936,12,1086.1,True
161.43088388442993,218.0,150.0,7732.0,-166.0,116.0,-13.0,26.7,895.07,1033.99,39.822459,32.65936,12,1086.1,True
161.6797845363617,206.0,118.0,7818.0,-157.0,121.0,-12.0,26.7,895.07,1033.93,39.822459,32.65936,12,1086.1,True
161.7326843738556,206.0,118.0,7818.0,-157.0,121.0,-12.0,26.7,895.07,1033.93,39.822459,32.65936,12,1086.1,True
162.01939296722412,202.0,154.0,7784.0,-159.0,121.0,-13.0,26.7,895.07,1033.93,39.822459,32.659359,12,1086.1,True
162.04516172409058,202.0,154.0,7784.0,-159.0,121.0,-13.0,26.7,895.07,1033.93,39.822459,32.659359,12,1086.1,True
162.34359073638916,226.0,116.0,7776.0,-161.0,126.0,-6.0,26.7,895.08,1033.84,39.822459,32.659359,12,1086.0,True
162.3832712173462,226.0,116.0,7776.0,-161.0,126.0,-6.0,26.7,895.08,1033.84,39.822459,32.659359,12,1086.0,True
162.63840293884277,202.0,116.0,7746.0,-167.0,118.0,-22.0,26.7,895.08,1033.89,39.822459,32.659359,12,1086.0,True
162.69629979133606,202.0,116.0,7746.0,-167.0,118.0,-22.0,26.7,895.08,1033.89,39.822459,32.659359,12,1086.0,True
162.95635533332825,256.0,120.0,7766.0,-160.0,123.0,-11.0,26.7,895.07,1033.99,39.822459,32.659359,12,1086.0,True
163.0046510696411,256.0,120.0,7766.0,-160.0,123.0,-11.0,26.7,895.07,1033.99,39.822459,32.659359,12,1086.0,True
163.30071878433228,232.0,120.0,7838.0,-155.0,115.0,-5.0,26.7,895.07,1033.94,39.822459,32.659359,12,1085.9,True
163.3270354270935,232.0,120.0,7838.0,-155.0,115.0,-5.0,26.7,895.07,1033.94,39.822459,32.659359,12,1085.9,True
163.60867357254028,236.0,114.0,7742.0,-164.0,121.0,-13.0,26.7,895.08,1033.9,39.822459,32.659359,12,1085.9,True
163.6564702987671,236.0,114.0,7742.0,-164.0,121.0,-13.0,26.7,895.08,1033.9,39.822459,32.659359,12,1085.9,True
163.91404175758362,190.0,118.0,7796.0,-171.0,97.0,-13.0,26.7,895.07,1033.93,39.82246,32.659359,12,1085.9,True
163.96227312088013,190.0,118.0,7796.0,-171.0,97.0,-13.0,26.7,895.07,1033.93,39.82246,32.659359,12,1085.9,True
164.24448466300964,164.0,114.0,7772.0,-158.0,174.0,-18.0,26.7,895.07,1033.94,39.82246,32.659359,12,1085.8,True
164.28108310699463,164.0,114.0,7772.0,-158.0,174.0,-18.0,26.7,895.07,1033.94,39.82246,32.659359,12,1085.8,True
164.5717236995697,-206.0,52.0,8234.0,-190.0,-229.0,19.0,26.7,895.07,1033.98,39.82246,32.659359,12,1085.8,True
164.6157853603363,-206.0,52.0,8234.0,-190.0,-229.0,19.0,26.7,895.07,1033.98,39.82246,32.659359,12,1085.8,True
164.87127447128296,230.0,120.0,7736.0,-164.0,122.0,-18.0,26.7,895.06,1034.03,39.82246,32.659359,12,1085.8,True
164.91779112815857,230.0,120.0,7736.0,-164.0,122.0,-18.0,26.7,895.06,1034.03,39.82246,32.659359,12,1085.8,True
165.19890880584717,192.0,134.0,7766.0,-162.0,114.0,-18.0,26.7,895.06,1034.06,39.822461,32.659358,12,1085.7,True
165.2380154132843,192.0,134.0,7766.0,-162.0,114.0,-18.0,26.7,895.06,1034.06,39.822461,32.659358,12,1085.7,True
165.5305953025818,246.0,166.0,7758.0,-162.0,119.0,-5.0,26.7,895.07,1034.0,39.822461,32.659358,12,1085.7,True
165.56237292289734,246.0,166.0,7758.0,-162.0,119.0,-5.0,26.7,895.07,1034.0,39.822461,32.659358,12,1085.7,True
165.84289526939392,218.0,122.0,7758.0,-161.0,116.0,-12.0,26.7,895.06,1034.0,39.822461,32.659358,12,1085.7,True
165.88876080513,218.0,122.0,7758.0,-161.0,116.0,-12.0,26.7,895.06,1034.0,39.822461,32.659358,12,1085.7,True
166.14898681640625,220.0,108.0,7820.0,-164.0,117.0,-9.0,26.7,895.06,1034.08,39.822461,32.659358,12,1085.6,True
166.1964373588562,220.0,108.0,7820.0,-164.0,117.0,-9.0,26.7,895.06,1034.08,39.822461,32.659358,12,1085.6,True
166.4876992702484,214.0,110.0,7752.0,-165.0,122.0,-10.0,26.7,895.07,1033.99,39.822461,32.659358,12,1085.6,True
166.5146038532257,214.0,110.0,7752.0,-165.0,122.0,-10.0,26.7,895.07,1033.99,39.822461,32.659358,12,1085.6,True
166.80163407325745,178.0,158.0,7792.0,-161.0,125.0,-18.0,26.7,895.07,1033.98,39.822461,32.659358,12,1085.6,True
166.84388184547424,178.0,158.0,7792.0,-161.0,125.0,-18.0,26.7,895.07,1033.98,39.822461,32.659358,12,1085.6,True
167.12506985664368,220.0,136.0,7792.0,-166.0,122.0,-13.0,26.7,895.07,1033.96,39.822461,32.659357,12,1085.5,True
167.15274786949158,220.0,136.0,7792.0,-166.0,122.0,-13.0,26.7,895.07,1033.96,39.822461,32.659357,12,1085.5,True
167.4407560825348,196.0,150.0,7794.0,-161.0,129.0,-15.0,26.7,895.06,1034.01,39.822461,32.659357,12,1085.5,True
167.4720757007599,196.0,150.0,7794.0,-161.0,129.0,-15.0,26.7,895.06,1034.01,39.822461,32.659357,12,1085.5,True
167.7556929588318,192.0,152.0,7732.0,-165.0,118.0,-14.0,26.7,895.06,1034.01,39.822461,32.659357,12,1085.5,True
167.80058574676514,192.0,152.0,7732.0,-165.0,118.0,-14.0,26.7,895.06,1034.01,39.822461,32.659357,12,1085.5,True
168.0931098461151,234.0,124.0,7766.0,-165.0,124.0,-19.0,26.7,895.07,1033.98,39.822462,32.659357,12,1085.4,True
168.1276741027832,234.0,124.0,7766.0,-165.0,124.0,-19.0,26.7,895.07,1033.98,39.822462,32.659357,12,1085.4,True
168.38388085365295,198.0,128.0,7786.0,-153.0,126.0,-12.0,26.7,895.07,1033.96,39.822462,32.659357,12,1085.4,True
168.42969417572021,198.0,128.0,7786.0,-153.0,126.0,-12.0,26.7,895.07,1033.96,39.822462,32.659357,12,1085.4,True
168.71562576293945,230.0,132.0,7800.0,-166.0,122.0,-18.0,26.7,895.07,1033.93,39.822462,32.659357,12,1085.4,True
168.7491307258606,230.0,132.0,7800.0,-166.0,122.0,-18.0,26.7,895.07,1033.93,39.822462,32.659357,12,1085.4,True
169.0392243862152,204.0,132.0,7778.0,-165.0,120.0,-14.0,26.7,895.08,1033.9,39.822462,32.659357,12,1085.4,True
169.07509350776672,204.0,132.0,7778.0,-165.0,120.0,-14.0,26.7,895.08,1033.9,39.822462,32.659357,12,1085.4,True
169.36640620231628,172.0,112.0,7758.0,-163.0,119.0,-12.0,26.7,895.07,1033.93,39.822462,32.659357,12,1085.5,True
169.40295362472534,172.0,112.0,7758.0,-163.0,119.0,-12.0,26.7,895.07,1033.93,39.822462,32.659357,12,1085.5,True
169.67097997665405,196.0,128.0,7766.0,-156.0,116.0,-8.0,26.7,895.07,1034.0,39.822462,32.659357,12,1085.5,True
169.72915363311768,196.0,128.0,7766.0,-156.0,116.0,-8.0,26.7,895.07,1034.0,39.822462,32.659357,12,1085.5,True
169.98001623153687,232.0,122.0,7774.0,-163.0,118.0,-12.0,26.7,895.06,1034.06,39.822462,32.659357,12,1085.5,True
170.02704572677612,232.0,122.0,7774.0,-163.0,118.0,-12.0,26.7,895.06,1034.06,39.822462,32.659357,12,1085.5,True
170.31965899467468,224.0,126.0,7772.0,-163.0,127.0,-15.0,26.7,895.06,1034.07,39.822462,32.659357,12,1085.5,True
170.34601831436157,224.0,126.0,7772.0,-163.0,127.0,-15.0,26.7,895.06,1034.07,39.822462,32.659357,12,1085.5,True
170.63563895225525,198.0,150.0,7782.0,-154.0,124.0,-7.0,26.7,895.06,1034.02,39.822462,32.659357,12,1085.5,True
170.6792070865631,198.0,150.0,7782.0,-154.0,124.0,-7.0,26.7,895.06,1034.02,39.822462,32.659357,12,1085.5,True
170.93166828155518,180.0,134.0,7792.0,-160.0,114.0,-1.0,26.7,895.06,1034.0,39.822462,32.659357,12,1085.5,True
171.00130558013916,180.0,134.0,7792.0,-160.0,114.0,-1.0,26.7,895.06,1034.0,39.822462,32.659357,12,1085.5,True
171.26496934890747,188.0,118.0,7740.0,-162.0,122.0,-16.0,26.7,895.06,1034.0,39.82246,32.659356,12,1085.3,True
171.29796195030212,188.0,118.0,7740.0,-162.0,122.0,-16.0,26.7,895.06,1034.0,39.82246,32.659356,12,1085.3,True
171.59212851524353,366.0,154.0,7406.0,-247.0,3015.0,-58.0,26.7,895.07,1033.96,39.82246,32.659356,12,1085.3,True
171.6286587715149,366.0,154.0,7406.0,-247.0,3015.0,-58.0,26.7,895.07,1033.96,39.82246,32.659356,12,1085.3,True
171.8955352306366,-132.0,108.0,7752.0,-55.0,-3119.0,10.0,26.7,895.07,1033.98,39.82246,32.659356,12,1085.3,True
171.9576177597046,-132.0,108.0,7752.0,-55.0,-3119.0,10.0,26.7,895.07,1033.98,39.82246,32.659356,12,1085.3,True
172.20950603485107,-38.0,138.0,7732.0,-161.0,144.0,-16.0,26.7,895.07,1033.96,39.822458,32.659355,12,1085.3,True
172.25566935539246,-38.0,138.0,7732.0,-161.0,144.0,-16.0,26.7,895.07,1033.96,39.822458,32.659355,12,1085.3,True
172.5447657108307,142.0,74.0,7500.0,-286.0,-285.0,-13.0,26.7,895.06,1034.01,39.822458,32.659355,12,1085.3,True
172.57488083839417,142.0,74.0,7500.0,-286.0,-285.0,-13.0,26.7,895.06,1034.01,39.822458,32.659355,12,1085.3,True
172.86987686157227,-82.0,122.0,7818.0,-156.0,119.0,-16.0,26.7,895.06,1034.0,39.822458,32.659355,12,1085.3,True
172.9069812297821,-82.0,122.0,7818.0,-156.0,119.0,-16.0,26.7,895.06,1034.0,39.822458,32.659355,12,1085.3,True
173.1843249797821,-76.0,156.0,7784.0,-158.0,116.0,-9.0,26.7,895.06,1034.0,39.822458,32.659355,12,1085.5,True
173.2136013507843,-76.0,156.0,7784.0,-158.0,116.0,-9.0,26.7,895.06,1034.0,39.822458,32.659355,12,1085.5,True
173.4924726486206,-52.0,158.0,7790.0,-168.0,116.0,-8.0,26.7,895.06,1034.05,39.822458,32.659355,12,1085.5,True
173.53259348869324,-52.0,158.0,7790.0,-168.0,116.0,-8.0,26.7,895.06,1034.05,39.822458,32.659355,12,1085.5,True
173.82859587669373,-32.0,134.0,7756.0,-163.0,122.0,-7.0,26.7,895.08,1033.88,39.822458,32.659355,12,1085.5,True
173.86707162857056,-32.0,134.0,7756.0,-163.0,122.0,-7.0,26.7,895.08,1033.88,39.822458,32.659355,12,1085.5,True
174.129873752594,-44.0,100.0,7738.0,-169.0,115.0,-14.0,26.7,895.08,1033.86,39.822456,32.659354,12,1085.6,True
174.18846035003662,-44.0,100.0,7738.0,-169.0,115.0,-14.0,26.7,895.08,1033.86,39.822456,32.659354,12,1085.6,True
174.44668650627136,-44.0,124.0,7806.0,-164.0,120.0,-10.0,26.7,895.08,1033.89,39.822456,32.659354,12,1085.6,True
174.51193046569824,-44.0,124.0,7806.0,-164.0,120.0,-10.0,26.7,895.08,1033.89,39.822456,32.659354,12,1085.6,True
174.77583932876587,-38.0,122.0,7756.0,-158.0,115.0,-6.0,26.7,895.07,1033.94,39.822456,32.659354,12,1085.6,True
174.80987858772278,-38.0,122.0,7756.0,-158.0,115.0,-6.0,26.7,895.07,1033.94,39.822456,32.659354,12,1085.6,True
175.1017165184021,-96.0,122.0,7758.0,-167.0,121.0,-5.0,26.7,895.07,1033.94,39.822456,32.659352,12,1085.7,True
175.1431691646576,-96.0,122.0,7758.0,-167.0,121.0,-5.0,26.7,895.07,1033.94,39.822456,32.659352,12,1085.7,True
175.41207313537598,4.0,118.0,7740.0,-169.0,128.0,-11.0,26.7,895.06,1034.01,39.822456,32.659352,12,1085.7,True
175.46661949157715,4.0,118.0,7740.0,-169.0,128.0,-11.0,26.7,895.06,1034.01,39.822456,32.659352,12,1085.7,True
175.71782517433167,-106.0,164.0,7738.0,-128.0,195.0,-12.0,26.7,895.07,1033.93,39.822456,32.659352,12,1085.7,True
175.78109550476074,-106.0,164.0,7738.0,-128.0,195.0,-12.0,26.7,895.07,1033.93,39.822456,32.659352,12,1085.7,True
